id,title,url,source,published_at,scraped_at,tags,sentiment,sentiment_score,yfin_symbol,published_date
799565d3-440c-4c3d-ba94-39c4d2c35bdc,"üö® AMA Alert!  

SEBI RIA Rajan Gajariya of TrueNorth Capital is live for an AMA session on Stocktwits! 

Fire away any questions you have about stocks, sectors, indices, or commoditiesüìà

Here: https://stocktwits.onelink.me/Lo6t/vwptmthg",https://t.me/stocktwitsindia/9222,stocktwitsindia,2025-10-24T08:50:46+00:00,2025-10-24T14:34:11.628252,"['stocktwitsindia', 'telegram']",,,,2025-10-24
1d4e534f-42bb-464b-927e-f4a7bfd30591,"Laurus Labs reports strong  Q2 numbers 

Listen to what management has to say on earnings call

LIVE NOW: https://www.stocktwits.com/symbol/LAURUSLABS.NSE/earningscall",https://t.me/stocktwitsindia/9221,stocktwitsindia,2025-10-23T11:43:59+00:00,2025-10-24T14:34:11.628340,"['stocktwitsindia', 'telegram']",,,,2025-10-23
19f88aef-de2c-4b6e-a5a6-f520ffd58913,"Short-term trade ideas from SEBI RAs on Stocktwits üëá   
   
Upside: 29%   
[https://stocktwits.com/AALGOBREATHS/message/633017884](https://stocktwits.com/AALGOBREATHS/message/633017884)   
   
Upside: 20%   
[https://stocktwits.com/Financialindependence/message/632875038](https://stocktwits.com/Financialindependence/message/632875038)   
   
Upside: 18%   
[https://stocktwits.com/Financialindependence/message/632693374](https://stocktwits.com/Financialindependence/message/632693374)   
   
Upside: 15%   
[https://stocktwits.com/frontwave/message/632700659](https://stocktwits.com/frontwave/message/632700659)",https://t.me/stocktwitsindia/9220,stocktwitsindia,2025-10-23T11:18:01+00:00,2025-10-24T14:34:11.628482,"['stocktwitsindia', 'telegram']",,,,2025-10-23
eb9d279a-558c-428b-b961-3ce22f52334c,"Diwali 2025 brokerage picks  ‚ú®ü™î

Latest video: https://youtu.be/ZXviQU6p78g",https://t.me/stocktwitsindia/9219,stocktwitsindia,2025-10-19T13:17:04+00:00,2025-10-24T14:34:11.628530,"['stocktwitsindia', 'telegram']",,,,2025-10-19
35a16e63-169b-4256-98d2-eb38e24b05dc,"Dixon Tech Q2 Earnings Call LIVE on Stocktwits

Listen here: https://www.stocktwits.com/symbol/DIXON.NSE/earningscall",https://t.me/stocktwitsindia/9218,stocktwitsindia,2025-10-17T11:08:37+00:00,2025-10-24T14:34:11.628568,"['stocktwitsindia', 'telegram']",,,,2025-10-17
3951e7a7-4679-45c2-8892-5ed2010aa444,"Short-term trade ideas from SEBI RAs on Stocktwits üëá    
    
Upside: 33%    
[https://stocktwits.com/Finkhoz/message/632691784](https://stocktwits.com/Finkhoz/message/632691784)    
    
Upside: 31%    
[https://stocktwits.com/Financialindependence/message/632523336](https://stocktwits.com/Financialindependence/message/632523336)    
    
Upside: 21%    
[https://stocktwits.com/Vinaytaparia/message/632687175](https://stocktwits.com/Vinaytaparia/message/632687175)    
    
Upside: 12%    
[https://stocktwits.com/Financewithpalak/message/632521864](https://stocktwits.com/Financewithpalak/message/632521864)",https://t.me/stocktwitsindia/9217,stocktwitsindia,2025-10-17T09:32:08+00:00,2025-10-24T14:34:11.628680,"['stocktwitsindia', 'telegram']",,,,2025-10-17
628d7990-fb4c-4a39-ac66-17d54a8b6117,"Jio Financial Q2 numbers are out, SEBI RA with detailed analysis",https://t.me/stocktwitsindia/9216,stocktwitsindia,2025-10-17T09:22:49+00:00,2025-10-24T14:34:11.628697,"['stocktwitsindia', 'telegram']",,,,2025-10-17
fe635ad2-705e-4e7b-9e5b-e5ccf59f4985,"Whirlpool India stock price jumps over 10% today, SEBI RA explains why",https://t.me/stocktwitsindia/9215,stocktwitsindia,2025-10-17T09:20:56+00:00,2025-10-24T14:34:11.628710,"['stocktwitsindia', 'telegram']",,,,2025-10-17
a5c94df7-8a6d-4d02-a3a7-455d46de3364,"Polycab betting on higher copper prices, interesting take by SEBI RA üëÄ",https://t.me/stocktwitsindia/9214,stocktwitsindia,2025-10-17T09:18:32+00:00,2025-10-24T14:34:11.628727,"['stocktwitsindia', 'telegram']",,,,2025-10-17
78b15b4d-b4e1-4ad7-9e64-8ef4e1029fa1,"üö® Heads up, fam!   

SEBI RIA Cashvisory is hosting an exclusive AMA on Stocktwits. Drop your market doubts and get expert advice.   

Shoot your questions here: https://stocktwits.onelink.me/Lo6t/kjyjywyy",https://t.me/stocktwitsindia/9213,stocktwitsindia,2025-10-17T08:34:50+00:00,2025-10-24T14:34:11.628802,"['stocktwitsindia', 'telegram']",,,,2025-10-17
07369017-c984-4b5d-a1fd-83d6034070b0,"Short-term trade ideas from SEBI RAs on Stocktwits üëá   
   
Upside: 40%   
[https://stocktwits.com/holdwithPriyank/message/632520370](https://stocktwits.com/holdwithPriyank/message/632520370)   
   
Upside: 27%   
[https://stocktwits.com/Financialindependence/message/632363666](https://stocktwits.com/Financialindependence/message/632363666)   
   
Upside: 17%   
[https://stocktwits.com/Japfinserve/message/632357698](https://stocktwits.com/Japfinserve/message/632357698)   
   
Upside: 12%   
[https://stocktwits.com/Financewithpalak/message/632358853](https://stocktwits.com/Financewithpalak/message/632358853)",https://t.me/stocktwitsindia/9212,stocktwitsindia,2025-10-16T14:47:32+00:00,2025-10-24T14:34:11.628910,"['stocktwitsindia', 'telegram']",,,,2025-10-16
048d4bbd-4c7c-421a-aa3f-75c144d791dc,"Infosys beats Q2 estimates, listen to what management has to say on future outlook 

Earnings call LIVE on Stocktwits: https://www.stocktwits.com/symbol/INFY.NSE/earningscall",https://t.me/stocktwitsindia/9211,stocktwitsindia,2025-10-16T12:11:52+00:00,2025-10-24T14:34:11.628957,"['stocktwitsindia', 'telegram']",,,,2025-10-16
6cb801d7-a8c5-4d12-a507-185885670d94,"Short-term trade ideas from SEBI RAs on Stocktwits üëá   
   
Upside: 34%   
[https://stocktwits.com/frontwave/message/632200486](https://stocktwits.com/frontwave/message/632200486)   
   
Upside: 17%   
[https://stocktwits.com/Finkhoz/message/632197349](https://stocktwits.com/Finkhoz/message/632197349)   
   
Upside: 13%   
[https://stocktwits.com/Japfinserve/message/632201984](https://stocktwits.com/Japfinserve/message/632201984)   
   
Upside: 11%   
[https://stocktwits.com/financialsarthis/message/632353213](https://stocktwits.com/financialsarthis/message/632353213)",https://t.me/stocktwitsindia/9210,stocktwitsindia,2025-10-15T16:06:26+00:00,2025-10-24T14:34:11.629063,"['stocktwitsindia', 'telegram']",,,,2025-10-15
8252333a-5736-4fd0-be42-4a3a6f7879d1,"Axis Bank Q2 net profit down 26% YoY

Earnings Call is LIVE on Stocktwits, listen to what management has to say: https://www.stocktwits.com/symbol/AXISBANK.NSE/earningscall",https://t.me/stocktwitsindia/9209,stocktwitsindia,2025-10-15T13:12:50+00:00,2025-10-24T14:34:11.629107,"['stocktwitsindia', 'telegram']",,,,2025-10-15
1a32eec2-638d-4c45-af47-78b08a6ddf0c,"Tech Mahindra misses Q2 earnings estimates 

Join the call LIVE on Stocktwits: https://www.stocktwits.com/symbol/TECHM.NSE/earningscall",https://t.me/stocktwitsindia/9208,stocktwitsindia,2025-10-14T14:08:15+00:00,2025-10-24T14:34:11.629144,"['stocktwitsindia', 'telegram']",,,,2025-10-14
90816149-8e56-4498-9b40-4c6112541706,"Short-term trade ideas from SEBI RAs on Stocktwits üëá   
   
Upside: 23%   
[https://stocktwits.com/prabhatmittal1/message/632082029](https://stocktwits.com/prabhatmittal1/message/632082029)   
   
Upside: 19%   
[https://stocktwits.com/Vinaytaparia/message/632052581](https://stocktwits.com/Vinaytaparia/message/632052581)   
   
Upside: 15%   
[https://stocktwits.com/Investogainerresearch/message/632142633](https://stocktwits.com/Investogainerresearch/message/632142633)   
   
Upside: -13%   
[https://stocktwits.com/Rajneesh_Sharma_Official/message/632018509](https://stocktwits.com/Rajneesh_Sharma_Official/message/632018509)",https://t.me/stocktwitsindia/9207,stocktwitsindia,2025-10-14T12:55:37+00:00,2025-10-24T14:34:11.629252,"['stocktwitsindia', 'telegram']",,,,2025-10-14
6bca72a9-5c4b-427c-8391-5571d49bfe9c,SEBI RA is still bullish on Just Dial despite weak Q2 numbers üëÄ,https://t.me/stocktwitsindia/9206,stocktwitsindia,2025-10-14T09:17:59+00:00,2025-10-24T14:34:11.629267,"['stocktwitsindia', 'telegram']",,,,2025-10-14
5773c20a-d526-4f98-b084-320a555c00e5,"UAE‚Äôs second largest lender, Emirates NBD, is reportedly is in advanced talks to acquire 51% stake in RBL Bank üëÄ",https://t.me/stocktwitsindia/9205,stocktwitsindia,2025-10-14T09:07:17+00:00,2025-10-24T14:34:11.629279,"['stocktwitsindia', 'telegram']",,,,2025-10-14
1ac2cf77-ca83-446a-a31a-436ce3a93940,"SEBI RA shares his Diwali 2025 stock pick

Check out the targets here: https://stocktwits.com/Finkhoz/message/632198128",https://t.me/stocktwitsindia/9204,stocktwitsindia,2025-10-14T07:03:20+00:00,2025-10-24T14:34:11.629313,"['stocktwitsindia', 'telegram']",,,,2025-10-14
80d2b300-603f-4172-b930-2567ee6583f5,"Paras Defence signs MoU with Israeli Tech company 

Read more here about how it‚Äôll benefit Paras: https://stocktwits.com/thetradebond/message/632199806",https://t.me/stocktwitsindia/9203,stocktwitsindia,2025-10-14T06:55:59+00:00,2025-10-24T14:34:11.629354,"['stocktwitsindia', 'telegram']",,,,2025-10-14
422089d5-cdc6-4ac1-902a-25108ba6c01c,"Short-term trade ideas from SEBI RAs on Stocktwits üëá   
   
Upside: 24%   
[https://stocktwits.com/VIKASHBAGARIA/message/631774528](https://stocktwits.com/VIKASHBAGARIA/message/631774528)   
   
Upside: 19%   
[https://stocktwits.com/Investogainerresearch/message/631709773](https://stocktwits.com/Investogainerresearch/message/631709773)   
   
Upside: 19%   
[https://stocktwits.com/holdwithPriyank/message/631777337](https://stocktwits.com/holdwithPriyank/message/631777337)   
   
Upside: 13%   
[https://stocktwits.com/Ca_mayankchandel/message/631615057](https://stocktwits.com/Ca_mayankchandel/message/631615057)",https://t.me/stocktwitsindia/9202,stocktwitsindia,2025-10-13T16:31:11+00:00,2025-10-24T14:34:11.629454,"['stocktwitsindia', 'telegram']",,,,2025-10-13
a61c6970-b885-49d0-9ae0-8f38ae86b7e3,Stallion India reports solid Q2 numbers ü´°,https://t.me/stocktwitsindia/9201,stocktwitsindia,2025-10-13T08:52:41+00:00,2025-10-24T14:34:11.629472,"['stocktwitsindia', 'telegram']",,,,2025-10-13
1d2abc1e-7896-4b27-b214-9966239157a8,Diwali pick from SEBI RIA Financial Independence,https://t.me/stocktwitsindia/9200,stocktwitsindia,2025-10-13T08:51:12+00:00,2025-10-24T14:34:11.629490,"['stocktwitsindia', 'telegram']",,,,2025-10-13
fd7c111c-931a-4abf-bfd7-14cf6d3429ba,SEBI RA recommends to avoid trading Vodafone Idea stock ü´£,https://t.me/stocktwitsindia/9199,stocktwitsindia,2025-10-13T08:49:34+00:00,2025-10-24T14:34:11.629502,"['stocktwitsindia', 'telegram']",,,,2025-10-13
5bc267db-ebbe-41d1-a76d-2262a73c3836,"Short-term trade ideas from SEBI RAs on Stocktwits üëá  
  
Upside: 34%  
[https://stocktwits.com/Ca_mayankchandel/message/631609668](https://stocktwits.com/Ca_mayankchandel/message/631609668)  
  
Upside: 20%  
[https://stocktwits.com/financialsarthis/message/631613212](https://stocktwits.com/financialsarthis/message/631613212)  
  
Upside: 15%  
[https://stocktwits.com/aymr_sebi_ra/message/631613426](https://stocktwits.com/aymr_sebi_ra/message/631613426)  
  
Upside: 15%  
[https://stocktwits.com/prabhatmittal1/message/631607594](https://stocktwits.com/prabhatmittal1/message/631607594)",https://t.me/stocktwitsindia/9198,stocktwitsindia,2025-10-10T13:10:25+00:00,2025-10-24T14:34:11.629703,"['stocktwitsindia', 'telegram']",,,,2025-10-10
299f41b8-33fe-42e2-9c43-1c3c2e75d3cb,SEBI RA spots breakout in PNB,https://t.me/stocktwitsindia/9196,stocktwitsindia,2025-10-10T09:17:35+00:00,2025-10-24T14:34:11.629733,"['stocktwitsindia', 'telegram']",,,,2025-10-10
df24f6a4-c007-4687-9e2d-0057c08df771,"üö® Heads up, fam!   

SEBI RA Vishal is hosting an exclusive AMA on Stocktwits. Drop your market doubts and get expert advice.   

Shoot your questions here: https://stocktwits.onelink.me/Lo6t/x8enu5l2",https://t.me/stocktwitsindia/9195,stocktwitsindia,2025-10-10T09:06:36+00:00,2025-10-24T14:34:11.629800,"['stocktwitsindia', 'telegram']",,,,2025-10-10
a884ff77-ca8e-4402-a3cd-2b251154bb13,"3 stocks to add to your watchlist in October

Watch now: https://www.youtube.com/watch?v=m5sc5bE6SMQ&feature=youtu.be",https://t.me/stocktwitsindia/9194,stocktwitsindia,2025-10-09T15:37:34+00:00,2025-10-24T14:34:11.629834,"['stocktwitsindia', 'telegram']",,,,2025-10-09
a84b2a13-7d75-4e16-9616-9f9e7157c04a,"Short-term trade ideas from SEBI RAs on Stocktwits üëá  
  
Upside: 36%  
[https://stocktwits.com/financialsarthis/message/631434542](https://stocktwits.com/financialsarthis/message/631434542)  
  
Upside: 25%  
[https://stocktwits.com/Investogainerresearch/message/631347149](https://stocktwits.com/Investogainerresearch/message/631347149)  
  
Upside: 16%  
[https://stocktwits.com/Ca_mayankchandel/message/631426860](https://stocktwits.com/Ca_mayankchandel/message/631426860)  
  
Upside: 12%  
[https://stocktwits.com/Financewithpalak/message/631435684](https://stocktwits.com/Financewithpalak/message/631435684)",https://t.me/stocktwitsindia/9193,stocktwitsindia,2025-10-09T15:24:58+00:00,2025-10-24T14:34:11.629925,"['stocktwitsindia', 'telegram']",,,,2025-10-09
fa09a8db-3f94-4631-9814-142d85e9b7d8,"TCS earnings call is now live

One of the most anticipated calls in its history 

LIVE on Stocktwits: https://stocktwits.com/symbol/TCS.NSE/earningscall",https://t.me/stocktwitsindia/9192,stocktwitsindia,2025-10-09T13:38:52+00:00,2025-10-24T14:34:11.629961,"['stocktwitsindia', 'telegram']",,,,2025-10-09
485eec55-5277-41c7-b009-68aba60c1526,"Naukri shows 12% YoY growth in Q2 billings

Check out the business wise growth: https://stocktwits.com/Ca_mayankchandel/message/631609668",https://t.me/stocktwitsindia/9191,stocktwitsindia,2025-10-09T09:09:14+00:00,2025-10-24T14:34:11.629993,"['stocktwitsindia', 'telegram']",,,,2025-10-09
befaba70-bdb1-407a-8e13-3a716439ec2a,"Tata Steel jumps to 52wk highs after strong Q2 update

SEBI RA gives detailed breakdown and potential move ahead: Historic breakout in Silver or another fakeout? 

SEBI RA breaks down: https://stocktwits.com/thetradebond/message/631613690",https://t.me/stocktwitsindia/9190,stocktwitsindia,2025-10-09T09:05:23+00:00,2025-10-24T14:34:11.630039,"['stocktwitsindia', 'telegram']",,,,2025-10-09
b1379685-b30e-46aa-b038-68a2308e228c,"Historic breakout in Silver or another fakeout? 

SEBI RA breaks down: https://stocktwits.com/Rajneesh_Sharma_Official/message/631613885",https://t.me/stocktwitsindia/9189,stocktwitsindia,2025-10-09T09:01:29+00:00,2025-10-24T14:34:11.630073,"['stocktwitsindia', 'telegram']",,,,2025-10-09
60a85b91-8f98-4b45-b609-9f95c038b536,"RBI introduces new draft, SEBI RA breaks down impact on banks 

Read more: https://stocktwits.com/frontwave/message/631613813",https://t.me/stocktwitsindia/9188,stocktwitsindia,2025-10-09T08:59:29+00:00,2025-10-24T14:34:11.630104,"['stocktwitsindia', 'telegram']",,,,2025-10-09
6dc92ccd-5cec-44e9-a4cb-e023a564513a,SEBI RA spots bullish continuation pattern in Garuda üëÄ,https://t.me/stocktwitsindia/9187,stocktwitsindia,2025-10-09T08:53:59+00:00,2025-10-24T14:34:11.630118,"['stocktwitsindia', 'telegram']",,,,2025-10-09
79e0e3d1-e4e7-4b22-8189-621b65f6e94d,"Want to know what the pros are watching? üëÄ

Watch now: [https://www.youtube.com/watch?v=m5sc5bE6SMQ](https://www.youtube.com/watch?v=m5sc5bE6SMQ)",https://t.me/stocktwitsindia/9186,stocktwitsindia,2025-10-08T16:48:16+00:00,2025-10-24T14:34:11.630158,"['stocktwitsindia', 'telegram']",,,,2025-10-08
3cec33a5-e5b3-4bc8-918f-b7faa47b573f,"Short-term trade ideas from SEBI RAs on Stocktwits üëá    
    
Upside: 15%    
[https://stocktwits.com/Finkhoz/message/631278944](https://stocktwits.com/Finkhoz/message/631278944)    
    
Upside: 12%    
[https://stocktwits.com/Finlight_Research/message/631266670](https://stocktwits.com/Finlight_Research/message/631266670)    
    
Upside: 12%    
[https://stocktwits.com/Financewithpalak/message/631261027](https://stocktwits.com/Financewithpalak/message/631261027)    
    
Upside: 11%    
[https://stocktwits.com/ATResearch/message/631269406](https://stocktwits.com/ATResearch/message/631269406)",https://t.me/stocktwitsindia/9185,stocktwitsindia,2025-10-08T10:57:27+00:00,2025-10-24T14:34:11.630243,"['stocktwitsindia', 'telegram']",,,,2025-10-08
85e2abb8-00c0-4a6f-b37f-51732f1deea8,"Hot picks: 3 stocks SEBI RAs are tracking right now

Watch now: https://youtu.be/m5sc5bE6SMQ",https://t.me/stocktwitsindia/9184,stocktwitsindia,2025-10-07T16:45:04+00:00,2025-10-24T14:34:11.630270,"['stocktwitsindia', 'telegram']",,,,2025-10-07
f73703b7-a265-4f32-8244-d14e5cba3001,"Short-term trade ideas from SEBI RAs on Stocktwits üëá   
   
Upside: 29%   
[https://stocktwits.com/WealthFino/message/630890955](https://stocktwits.com/WealthFino/message/630890955)   
   
Upside: 16%   
[https://stocktwits.com/Ca_mayankchandel/message/631124874](https://stocktwits.com/Ca_mayankchandel/message/631124874)   
   
Upside: 12%   
[https://stocktwits.com/Financewithpalak/message/631126097](https://stocktwits.com/Financewithpalak/message/631126097)   
   
Upside: 11%   
[https://stocktwits.com/PCRAnalyst/message/630908863](https://stocktwits.com/PCRAnalyst/message/630908863)",https://t.me/stocktwitsindia/9183,stocktwitsindia,2025-10-07T12:43:47+00:00,2025-10-24T14:34:11.630352,"['stocktwitsindia', 'telegram']",,,,2025-10-07
a5176e87-89e0-4c7e-86dc-5f926d978bd6,SEBI RA view on Anant Raj,https://t.me/stocktwitsindia/9182,stocktwitsindia,2025-10-07T09:24:31+00:00,2025-10-24T14:34:11.630364,"['stocktwitsindia', 'telegram']",,,,2025-10-07
69033ea1-689c-4588-bbec-27764c53a583,"SEBI RA on how to effectively use P/B ratio

Read here: https://stocktwits.com/EquityInsights/message/631267639",https://t.me/stocktwitsindia/9181,stocktwitsindia,2025-10-07T09:20:33+00:00,2025-10-24T14:34:11.630390,"['stocktwitsindia', 'telegram']",,,,2025-10-07
66c0fdcb-2373-46f2-87aa-da34ea969d32,Trent Q2 update,https://t.me/stocktwitsindia/9180,stocktwitsindia,2025-10-07T09:17:42+00:00,2025-10-24T14:34:11.630400,"['stocktwitsindia', 'telegram']",,,,2025-10-07
922b956d-dd04-4e56-845e-e5c85aa74566,"Stocks that SEBI RAs are watching right now...üëÄ

Latest video: https://youtu.be/m5sc5bE6SMQ",https://t.me/stocktwitsindia/9179,stocktwitsindia,2025-10-06T14:33:04+00:00,2025-10-24T14:34:11.630435,"['stocktwitsindia', 'telegram']",,,,2025-10-06
f2731d28-65c4-4cd9-99b2-57a40419772a,"Wondering what stocks the pros are watching right now? üëÄ

In our latest video, we reveal three stocks that SEBI RAs have recently added to their Stocktwits watchlist!

@iYashUpadhyaya breaks down the picks in just 3 minutes. Watch now: https://youtu.be/m5sc5bE6SMQ",https://t.me/stocktwitsindia/9178,stocktwitsindia,2025-10-05T13:03:33+00:00,2025-10-24T14:34:11.630486,"['stocktwitsindia', 'telegram']",,,,2025-10-05
1d7647c4-ba42-4a0c-a162-c7456fe73be2,"Vodafone Idea at 7-month high, temporary spike or real turnaround?

Watch now: https://youtu.be/bV5L_1_TPQ8",https://t.me/stocktwitsindia/9177,stocktwitsindia,2025-10-03T12:44:17+00:00,2025-10-24T14:34:11.630512,"['stocktwitsindia', 'telegram']",,,,2025-10-03
befff8e3-a2ec-4900-a7d1-b2771cda820f,SEBI RA Equity Insights on how to find multibaggers üëÄ,https://t.me/stocktwitsindia/9176,stocktwitsindia,2025-10-03T09:09:26+00:00,2025-10-24T14:34:11.630522,"['stocktwitsindia', 'telegram']",,,,2025-10-03
9ddfb027-c33a-453d-afd7-2f2b52e5a7bc,"OpenAI is now bigger than Reliance, HDFC Bank and TCS combined ü§Ø",https://t.me/stocktwitsindia/9175,stocktwitsindia,2025-10-03T09:06:58+00:00,2025-10-24T14:34:11.630535,"['stocktwitsindia', 'telegram']",,,,2025-10-03
ced12dc2-721a-4204-be99-396e35af98e3,"Short-term trade ideas from SEBI RAs on Stocktwits üëá    
    
Upside: 16%    
[https://stocktwits.com/Sudhansuanalyst/message/630501574](https://stocktwits.com/Sudhansuanalyst/message/630501574)    
    
Upside: 14%    
[https://stocktwits.com/Vinaytaparia/message/630567421](https://stocktwits.com/Vinaytaparia/message/630567421)    
    
Upside: 11%    
[https://stocktwits.com/Ca_mayankchandel/message/630585738](https://stocktwits.com/Ca_mayankchandel/message/630585738)    
    
Upside: 10%    
[https://stocktwits.com/WealthGURU0555/message/630576785](https://stocktwits.com/WealthGURU0555/message/630576785)",https://t.me/stocktwitsindia/9174,stocktwitsindia,2025-10-03T08:57:50+00:00,2025-10-24T14:34:11.630633,"['stocktwitsindia', 'telegram']",,,,2025-10-03
567fd0ba-74e4-4cef-9d58-39c08a6ef3e6,"More upside left in Vodafone Idea

Watch now: https://youtu.be/bV5L_1_TPQ8",https://t.me/stocktwitsindia/9173,stocktwitsindia,2025-10-01T15:40:44+00:00,2025-10-24T14:34:11.630658,"['stocktwitsindia', 'telegram']",,,,2025-10-01
f63c2c5c-59a6-4a3a-9494-f6fc84e757a8,"Short-term trade ideas from SEBI RAs on Stocktwits üëá   
   
Upside: 37%   
[https://stocktwits.com/WealthFino/message/630295020](https://stocktwits.com/WealthFino/message/630295020)   
   
Upside: 27%   
[https://stocktwits.com/Japfinserve/message/630434405](https://stocktwits.com/Japfinserve/message/630434405)   
   
Upside: 21%   
[https://stocktwits.com/Finkhoz/message/630295268](https://stocktwits.com/Finkhoz/message/630295268)   
   
Upside: 12%   
[https://stocktwits.com/prabhatmittal1/message/630292267](https://stocktwits.com/prabhatmittal1/message/630292267)",https://t.me/stocktwitsindia/9172,stocktwitsindia,2025-10-01T09:24:40+00:00,2025-10-24T14:34:11.630745,"['stocktwitsindia', 'telegram']",,,,2025-10-01
ca602a5b-e2b6-46d5-84f8-0bed086cf0b3,"What‚Äôs next for Vodafone Idea? Can it stage a comeback or is the recent rally just hype?

Dive into the full breakdown: https://youtu.be/bV5L_1_TPQ8",https://t.me/stocktwitsindia/9171,stocktwitsindia,2025-09-30T14:04:11+00:00,2025-10-24T14:34:11.630780,"['stocktwitsindia', 'telegram']",,,,2025-09-30
3ecb6dbd-4327-4b12-abf8-10a3d839319b,"Short-term trade ideas from SEBI RAs on Stocktwits üëá    
    
Upside: 43%    
[https://stocktwits.com/Japfinserve/message/630434537](https://stocktwits.com/Japfinserve/message/630434537)    
    
Upside: 27%    
[https://stocktwits.com/WealthFino/message/630435203](https://stocktwits.com/WealthFino/message/630435203)    
    
Upside: 18%    
[https://stocktwits.com/prabhatmittal1/message/630314314](https://stocktwits.com/prabhatmittal1/message/630314314)    
    
Upside: 14%    
[https://stocktwits.com/Ca_mayankchandel/message/630302034](https://stocktwits.com/Ca_mayankchandel/message/630302034)",https://t.me/stocktwitsindia/9170,stocktwitsindia,2025-09-30T13:58:20+00:00,2025-10-24T14:34:11.630860,"['stocktwitsindia', 'telegram']",,,,2025-09-30
5f883a51-fb2f-4590-b982-09a4661dd830,"What's behind the recent rally in Vodafone Idea?

Watch now: https://t.co/WFj0YXW8Rf",https://t.me/stocktwitsindia/9169,stocktwitsindia,2025-09-29T11:49:26+00:00,2025-10-24T14:34:11.630889,"['stocktwitsindia', 'telegram']",,,,2025-09-29
810bc54d-a78a-482b-a990-344f7b1054e9,"SEBI RA shares detailed analysis on Azad Engineering along with levels to enter, stop loss to maintain and targets

Check out the detailed analysis here: https://stocktwits.com/equitycharcha/message/630294892",https://t.me/stocktwitsindia/9168,stocktwitsindia,2025-09-29T08:21:56+00:00,2025-10-24T14:34:11.630926,"['stocktwitsindia', 'telegram']",,,,2025-09-29
520a6463-7476-463d-a8d4-04b665704939,"Sona BLW Precision is trading near its all-time lows

SEBI RA says upside possible on sustain breakout

Detailed technical analysis: https://stocktwits.com/WealthFino/message/630295020",https://t.me/stocktwitsindia/9167,stocktwitsindia,2025-09-29T08:10:30+00:00,2025-10-24T14:34:11.630961,"['stocktwitsindia', 'telegram']",,,,2025-09-29
3548ea23-e55b-42c1-bed6-b73f0e6e1954,"Hindustan Zinc is the biggest Silver producer in India

While Silver is hitting fresh highs every single day, it is at multi-month lows

Will Hindustan Zinc touch fresh highs like silver? 

SEBI RA with a detailed post: https://stocktwits.com/Finkhoz/message/630295268",https://t.me/stocktwitsindia/9166,stocktwitsindia,2025-09-29T08:06:20+00:00,2025-10-24T14:34:11.631003,"['stocktwitsindia', 'telegram']",,,,2025-09-29
832f05aa-385c-4686-90e3-7aae0f4fb0f2,"Short-term trade ideas from SEBI RAs on Stocktwits üëá   
   
Upside: 23%   
[https://stocktwits.com/Vinaytaparia/message/629991496](https://stocktwits.com/Vinaytaparia/message/629991496)   
   
Upside: 16%   
[https://stocktwits.com/equitycharcha/message/630086908](https://stocktwits.com/equitycharcha/message/630086908)   
   
Upside: 12%   
[https://stocktwits.com/Financewithpalak/message/629925556](https://stocktwits.com/Financewithpalak/message/629925556)   
   
Upside: 11%   
[https://stocktwits.com/PCRAnalyst/message/629941694](https://stocktwits.com/PCRAnalyst/message/629941694)",https://t.me/stocktwitsindia/9165,stocktwitsindia,2025-09-29T07:14:11+00:00,2025-10-24T14:34:11.631083,"['stocktwitsindia', 'telegram']",,,,2025-09-29
fae49bbe-538a-4518-884c-9046ef886156,"Time to buy the dip in Vodafone Idea

Watch now: https://youtu.be/bV5L_1_TPQ8",https://t.me/stocktwitsindia/9164,stocktwitsindia,2025-09-28T12:49:44+00:00,2025-10-24T14:34:11.631108,"['stocktwitsindia', 'telegram']",,,,2025-09-28
63385eeb-dab7-4540-b039-dfa649b7e501,"Short-term trade ideas from SEBI RAs on Stocktwits üëá   
   
Upside: 28%   
[https://stocktwits.com/financialsarthis/message/629929229](https://stocktwits.com/financialsarthis/message/629929229)   
   
Upside: 25%   
[https://stocktwits.com/equitycharcha/message/629929156](https://stocktwits.com/equitycharcha/message/629929156)   
   
Upside: 15%   
[https://stocktwits.com/prabhatmittal1/message/629925495](https://stocktwits.com/prabhatmittal1/message/629925495)   
   
Upside: 12%   
[https://stocktwits.com/Financewithpalak/message/629923307](https://stocktwits.com/Financewithpalak/message/629923307)",https://t.me/stocktwitsindia/9163,stocktwitsindia,2025-09-26T12:59:01+00:00,2025-10-24T14:34:11.631187,"['stocktwitsindia', 'telegram']",,,,2025-09-26
e391cb21-0bbc-40a1-bf76-b66780c5b1bc,Why BSE is falling? Reasons decoded in our latest video: https://youtu.be/h6Urkw8oCmk,https://t.me/stocktwitsindia/9162,stocktwitsindia,2025-09-25T16:58:50+00:00,2025-10-24T14:34:11.631216,"['stocktwitsindia', 'telegram']",,,,2025-09-25
8e88bebd-b798-4995-b7cb-1bd793bc415d,"Short-term trade ideas from SEBI RAs on Stocktwits üëá   
   
Upside: 26%   
[https://stocktwits.com/equitycharcha/message/629777986](https://stocktwits.com/equitycharcha/message/629777986)   
   
Upside: 18%   
[https://stocktwits.com/prabhatmittal1/message/629774086](https://stocktwits.com/prabhatmittal1/message/629774086)   
   
Upside: 12%   
[https://stocktwits.com/Financewithpalak/message/629620900](https://stocktwits.com/Financewithpalak/message/629620900)   
   
Upside: 11%   
[https://stocktwits.com/financialsarthis/message/629775090](https://stocktwits.com/financialsarthis/message/629775090)",https://t.me/stocktwitsindia/9161,stocktwitsindia,2025-09-25T09:15:48+00:00,2025-10-24T14:34:11.631315,"['stocktwitsindia', 'telegram']",,,,2025-09-25
dde1b963-26a0-4f5b-8167-3e7b249381e5,"SEBI RA initiates coverage on data center stock Anant Raj

Check out the targets here: https://stocktwits.com/ra_vishaltrehan/message/629926726",https://t.me/stocktwitsindia/9160,stocktwitsindia,2025-09-25T08:31:40+00:00,2025-10-24T14:34:11.631349,"['stocktwitsindia', 'telegram']",,,,2025-09-25
f5903dd2-5e23-4b18-b003-09699ab682ee,"SEBI RA is bullish on Gujarat Pipavav Port, sees upside of 34% 

Check out the buying range: https://stocktwits.com/equitycharcha/message/629929156",https://t.me/stocktwitsindia/9159,stocktwitsindia,2025-09-25T08:29:16+00:00,2025-10-24T14:34:11.631383,"['stocktwitsindia', 'telegram']",,,,2025-09-25
b62cc593-5c8e-4482-b7c9-3069ef76f57c,"Time to buy the dip in BSE? 

SEBI RA Finkhoz breaks the new SEBI guidelines and its impact: https://stocktwits.com/Finkhoz/message/629792736",https://t.me/stocktwitsindia/9158,stocktwitsindia,2025-09-25T08:22:50+00:00,2025-10-24T14:34:11.631413,"['stocktwitsindia', 'telegram']",,,,2025-09-25
f9ce3c03-b882-4238-a4a6-b4b2cbdc949d,"Tata Motors facing huge financial loss as JLR plans to keep factories shut till Oct 1 due to cyberattack

Get the full breakdown here: https://stocktwits.com/thetradebond/message/629924850",https://t.me/stocktwitsindia/9157,stocktwitsindia,2025-09-25T08:20:22+00:00,2025-10-24T14:34:11.631447,"['stocktwitsindia', 'telegram']",,,,2025-09-25
58247f26-3b53-42a3-af30-1ef3fb4fbbea,"Tata Group stocks underperformed this year, notes SEBI RA Equity Insights",https://t.me/stocktwitsindia/9156,stocktwitsindia,2025-09-25T08:18:27+00:00,2025-10-24T14:34:11.631458,"['stocktwitsindia', 'telegram']",,,,2025-09-25
ba8d7ea5-4d96-4639-9e2e-c4db0c31c6e5,"SEBI RA spots classic cup & handle pattern in Hindustan Copper

Check out the targets here: https://stocktwits.com/financialsarthis/message/629929229",https://t.me/stocktwitsindia/9155,stocktwitsindia,2025-09-25T08:16:35+00:00,2025-10-24T14:34:11.631489,"['stocktwitsindia', 'telegram']",,,,2025-09-25
e8cf876a-988d-40c3-afba-39c8e975cc82,"BSE is down 30% from its highs, what's going wrong for the stock?

Watch now: [https://youtu.be/h6Urkw8oCmk](https://youtu.be/h6Urkw8oCmk)",https://t.me/stocktwitsindia/9154,stocktwitsindia,2025-09-24T11:20:06+00:00,2025-10-24T14:34:11.631518,"['stocktwitsindia', 'telegram']",,,,2025-09-24
5ff183c4-c5b8-44c8-8383-a5a0b51e655d,"Short-term trade ideas from SEBI RAs on Stocktwits üëá   
   
Upside: 30%   
[https://stocktwits.com/Vinaytaparia/message/629620843](https://stocktwits.com/Vinaytaparia/message/629620843)   
   
Upside: 21%   
[https://stocktwits.com/prabhatmittal1/message/629616266](https://stocktwits.com/prabhatmittal1/message/629616266)   
   
Upside: 15%   
[https://stocktwits.com/financialsarthis/message/629623849](https://stocktwits.com/financialsarthis/message/629623849)   
   
Upside: 12%   
[https://stocktwits.com/Financewithpalak/message/629614447](https://stocktwits.com/Financewithpalak/message/629614447)",https://t.me/stocktwitsindia/9153,stocktwitsindia,2025-09-24T08:53:15+00:00,2025-10-24T14:34:11.631598,"['stocktwitsindia', 'telegram']",,,,2025-09-24
5aca1fe4-6790-45e5-9312-c45a32f89f30,"SEBI RA shares the growth forecast for EV industry, says 22% CAGR growth is expected  till 2032

Check out the complete post on Stocktwits: https://stocktwits.com/EquityInsights/message/629778290",https://t.me/stocktwitsindia/9152,stocktwitsindia,2025-09-24T07:48:03+00:00,2025-10-24T14:34:11.631635,"['stocktwitsindia', 'telegram']",,,,2025-09-24
668d2a1c-9d1a-48ab-a98f-291a4a3e2d11,"Goldman Sachs upgrades Maruti Suzuki to Buy from Neutral, hikes target price from ‚Çπ13,800 to ‚Çπ18,900

Check out what other investors are saying about the stock on Stocktwits: https://stocktwits.com/iYashUpadhyaya/message/629774195",https://t.me/stocktwitsindia/9151,stocktwitsindia,2025-09-24T07:45:42+00:00,2025-10-24T14:34:11.631677,"['stocktwitsindia', 'telegram']",,,,2025-09-24
aac830bc-d0f8-403f-88b0-ff6db1c46227,"SEBI RA spots descending triangle breakout pattern in Minda Corp

Check out the targets here: https://stocktwits.com/financialsarthis/message/629775090",https://t.me/stocktwitsindia/9150,stocktwitsindia,2025-09-24T07:39:00+00:00,2025-10-24T14:34:11.631707,"['stocktwitsindia', 'telegram']",,,,2025-09-24
d7f1e910-d34b-4104-bf59-058c44fe0775,"Ola Electric‚Äôs inventory sells out in just 5 minutes on day 1 of Muhurat Mahotsav 

Get all the details here: https://stocktwits.com/wegro/message/629776689",https://t.me/stocktwitsindia/9149,stocktwitsindia,2025-09-24T07:36:39+00:00,2025-10-24T14:34:11.631745,"['stocktwitsindia', 'telegram']",,,,2025-09-24
cfc6a260-530a-4e46-8a56-a892f2734a0c,"AC supplier auto stocks outperforms big auto companies 

SENI RA on what‚Äôs ahead for the stock: https://stocktwits.com/Sumesh_guleria/message/629776988",https://t.me/stocktwitsindia/9148,stocktwitsindia,2025-09-24T07:33:51+00:00,2025-10-24T14:34:11.631777,"['stocktwitsindia', 'telegram']",,,,2025-09-24
d19109eb-e13d-4ec6-9e80-f604433e0035,"Ganesh Consumer Products IPO is open for subscription. 

Price band is set at Rs 306 - 322 p/sh

The company aims to raise ~ Rs 400 cr. Of this, Rs 130 cr will be used to pay off debt and capacity expansion. 

For the unaware, Ganesh Consumer is the 3rd largest packaged wheat flour brand in Eastern India.

Fundamentally, the company has shown consistent growth with Revenue/EBITDA/PAT CAGR of 18%, 16.5%, and 14% respectively

The Indian packaged food market is projected to grow at a CAGR of 10.9% to ‚Çπ18.8 lakh cr by FY30, with packaged staples as the fastest-growing segment.

Marquee investors like Ashish Kacholia and Madhu Kela have invested in the anchor round",https://t.me/stocktwitsindia/9147,stocktwitsindia,2025-09-23T14:31:14+00:00,2025-10-24T14:34:11.631786,"['stocktwitsindia', 'telegram']",,,,2025-09-23
42dc855b-4967-43b0-a985-3cdd9f22a759,"Why BSE is falling? ü§î

Watch now: https://youtu.be/h6Urkw8oCmk",https://t.me/stocktwitsindia/9146,stocktwitsindia,2025-09-23T12:28:42+00:00,2025-10-24T14:34:11.631812,"['stocktwitsindia', 'telegram']",,,,2025-09-23
ef8ef372-8267-47a0-83fa-5c4912b49722,"SEBI RA shares strong breakout stocks for tomorrow 

Here‚Äôs the entire list: https://stocktwits.com/financialsarthis/message/629632964",https://t.me/stocktwitsindia/9145,stocktwitsindia,2025-09-23T12:04:12+00:00,2025-10-24T14:34:11.631842,"['stocktwitsindia', 'telegram']",,,,2025-09-23
8f9dc919-186b-4303-b8da-1bf2e388f678,Havells launches Lloyd Kolors Refrigerator om Flipkart,https://t.me/stocktwitsindia/9144,stocktwitsindia,2025-09-23T12:03:25+00:00,2025-10-24T14:34:11.631852,"['stocktwitsindia', 'telegram']",,,,2025-09-23
fc1a69a2-8831-4f96-88de-edc55aa72479,"Short-term trade ideas from SEBI RAs on Stocktwits üëá   
   
Upside: 18%   
[https://stocktwits.com/prabhatmittal1/message/629465897](https://stocktwits.com/prabhatmittal1/message/629465897)   
   
Upside: 16%   
[https://stocktwits.com/Vinaytaparia/message/629167047](https://stocktwits.com/Vinaytaparia/message/629167047)   
   
Upside: 14%   
[https://stocktwits.com/Japfinserve/message/629243276](https://stocktwits.com/Japfinserve/message/629243276)   
   
Upside: 11%   
[https://stocktwits.com/Financewithpalak/message/629246950](https://stocktwits.com/Financewithpalak/message/629246950)",https://t.me/stocktwitsindia/9143,stocktwitsindia,2025-09-23T09:10:39+00:00,2025-10-24T14:34:11.631929,"['stocktwitsindia', 'telegram']",,,,2025-09-23
f983a2f2-a381-4aca-aaed-1542084317a5,SEBI RA Palak Jain is bullish on Adani Enterprises üëÄ,https://t.me/stocktwitsindia/9142,stocktwitsindia,2025-09-23T08:54:01+00:00,2025-10-24T14:34:11.631940,"['stocktwitsindia', 'telegram']",,,,2025-09-23
a674d277-0f1e-4773-b70d-a41a8e057823,"RVNL wins new order worth ‚Çπ145 crore

SEBI RA explains why it matters and stock targets: https://stocktwits.com/Japfinserve/message/629617623",https://t.me/stocktwitsindia/9141,stocktwitsindia,2025-09-23T08:52:54+00:00,2025-10-24T14:34:11.631970,"['stocktwitsindia', 'telegram']",,,,2025-09-23
3c0b1bd2-f8b3-44a8-829d-5c5b886bd128,"Buy the dip in BSE? 

Watch Nowüëá
https://youtu.be/h6Urkw8oCmk",https://t.me/stocktwitsindia/9140,stocktwitsindia,2025-09-21T12:48:03+00:00,2025-10-24T14:34:11.631995,"['stocktwitsindia', 'telegram']",,,,2025-09-21
642a7266-3d81-4b32-ad07-4d27d5320b1c,"Short-term trade ideas from SEBI RAs on Stocktwits üëá    
    
Upside: 27%    
[https://stocktwits.com/thetradebond/message/628786116](https://stocktwits.com/thetradebond/message/628786116)    
    
Upside: 24%    
[https://stocktwits.com/Vinaytaparia/message/628781835](https://stocktwits.com/Vinaytaparia/message/628781835)    
    
Upside: 15%    
[https://stocktwits.com/equitycharcha/message/628786806](https://stocktwits.com/equitycharcha/message/628786806)    
    
Upside: 11%    
[https://stocktwits.com/prabhatmittal1/message/628784618](https://stocktwits.com/prabhatmittal1/message/628784618)",https://t.me/stocktwitsindia/9139,stocktwitsindia,2025-09-18T12:49:29+00:00,2025-10-24T14:34:11.632077,"['stocktwitsindia', 'telegram']",,,,2025-09-18
3a5d6b97-f3e5-4839-b3fd-7b9fd1af66e3,"Dreamfolks shuts its core business operation, SEBI RA on what‚Äôs going on and what‚Äôs next: https://stocktwits.com/Rajneesh_Sharma_Official/message/629084134",https://t.me/stocktwitsindia/9138,stocktwitsindia,2025-09-18T08:56:36+00:00,2025-10-24T14:34:11.632112,"['stocktwitsindia', 'telegram']",,,,2025-09-18
ec70a589-878b-4200-831a-8530e8bf7cae,"SEBI RA Rajneesh on new sponsor of Term India‚Äôs jersey: Apollo Tyres üëÄ

Check out the targets here: https://stocktwits.com/Rajneesh_Sharma_Official/message/628920562",https://t.me/stocktwitsindia/9137,stocktwitsindia,2025-09-18T08:53:26+00:00,2025-10-24T14:34:11.632150,"['stocktwitsindia', 'telegram']",,,,2025-09-18
546b87a0-3cd8-4350-a762-3a7928e3a0a2,SEBI RA says Poonawala Fincorp is set for new fresh highs,https://t.me/stocktwitsindia/9136,stocktwitsindia,2025-09-18T08:42:44+00:00,2025-10-24T14:34:11.632165,"['stocktwitsindia', 'telegram']",,,,2025-09-18
3fb27382-da8d-44e5-9edf-c2ea515c506d,Eternal market cap is 3x of Swiggy ü§Ø,https://t.me/stocktwitsindia/9135,stocktwitsindia,2025-09-18T08:38:30+00:00,2025-10-24T14:34:11.632174,"['stocktwitsindia', 'telegram']",,,,2025-09-18
64f6aaa9-4327-44ef-8cff-4d5ff51dbc94,"Short-term trade ideas from SEBI RAs on Stocktwits üëá   
   
Upside: 37%   
[https://stocktwits.com/Ca_mayankchandel/message/628651156](https://stocktwits.com/Ca_mayankchandel/message/628651156)   
   
Upside: 25%   
[https://stocktwits.com/Vinaytaparia/message/628647843](https://stocktwits.com/Vinaytaparia/message/628647843)   
   
Upside: 17%   
[https://stocktwits.com/Investogainerresearch/message/628687049](https://stocktwits.com/Investogainerresearch/message/628687049)   
   
Upside: 13%   
[https://stocktwits.com/Vinaytaparia/message/628781121](https://stocktwits.com/Vinaytaparia/message/628781121)",https://t.me/stocktwitsindia/9134,stocktwitsindia,2025-09-17T14:47:48+00:00,2025-10-24T14:34:11.632252,"['stocktwitsindia', 'telegram']",,,,2025-09-17
2cbb4263-be48-4423-9dab-6ae1eea94803,BEL announces new order wins üëÄ,https://t.me/stocktwitsindia/9133,stocktwitsindia,2025-09-17T08:24:59+00:00,2025-10-24T14:34:11.632263,"['stocktwitsindia', 'telegram']",,,,2025-09-17
4081719e-e96b-46bc-b28e-98dd86554ebf,IT Index at 8-week high üìà,https://t.me/stocktwitsindia/9132,stocktwitsindia,2025-09-17T08:22:44+00:00,2025-10-24T14:34:11.632272,"['stocktwitsindia', 'telegram']",,,,2025-09-17
922ab61b-8c44-452d-af2e-676e6d81045b,Zomato to offer food delivery for train passengers,https://t.me/stocktwitsindia/9131,stocktwitsindia,2025-09-17T08:20:41+00:00,2025-10-24T14:34:11.632282,"['stocktwitsindia', 'telegram']",,,,2025-09-17
c2958f75-e4c2-40f5-a6a7-e6d90f89081b,Here‚Äôs why defence stocks are rallying ü•∏,https://t.me/stocktwitsindia/9130,stocktwitsindia,2025-09-17T08:19:49+00:00,2025-10-24T14:34:11.632291,"['stocktwitsindia', 'telegram']",,,,2025-09-17
853ba6dd-1323-4737-aef1-867df36c14bf,SEBI RA on Aditya Birla Fashion stock üëÄ,https://t.me/stocktwitsindia/9129,stocktwitsindia,2025-09-17T08:14:20+00:00,2025-10-24T14:34:11.632303,"['stocktwitsindia', 'telegram']",,,,2025-09-17
cab9e513-24e3-4a60-b319-b8095387f1a7,"Textile stocks jump following positive remarks by President Trump and PM Modi üëÄ

SEBI RA A&Y Market Research says ""A successful India‚ÄìUS trade deal could restore India‚Äôs competitive edge in the valuable US textiles market""

Check out the stocks that SEBI RA is tracking right now from the sector: https://stocktwits.onelink.me/Lo6t/0f256u9r",https://t.me/stocktwitsindia/9127,stocktwitsindia,2025-09-17T04:25:26+00:00,2025-10-24T14:34:11.632363,"['stocktwitsindia', 'telegram']",,,,2025-09-17
6a347194-515c-4ba2-acb8-397e88f431aa,"Auto stocks are buzzing after GST rate cuts

Here are 3 names SEBI RAs are tracking: https://youtu.be/tIhUFPxrezc?si",https://t.me/stocktwitsindia/9126,stocktwitsindia,2025-09-16T12:22:41+00:00,2025-10-24T14:34:11.632391,"['stocktwitsindia', 'telegram']",,,,2025-09-16
52e9011b-b7a5-4806-b998-2544851232af,"Short-term trade ideas from SEBI RAs on Stocktwits üëá   
   
Upside: 27%   
[https://stocktwits.com/prabhatmittal1/message/628645883](https://stocktwits.com/prabhatmittal1/message/628645883)   
   
Upside: 21%   
[https://stocktwits.com/Investogainerresearch/message/628607451](https://stocktwits.com/Investogainerresearch/message/628607451)   
   
Upside: 18%   
[https://stocktwits.com/ATResearch/message/628643246](https://stocktwits.com/ATResearch/message/628643246)   
   
Upside: 18%   
[https://stocktwits.com/Vinaytaparia/message/628428002](https://stocktwits.com/Vinaytaparia/message/628428002)",https://t.me/stocktwitsindia/9125,stocktwitsindia,2025-09-16T11:09:56+00:00,2025-10-24T14:34:11.632473,"['stocktwitsindia', 'telegram']",,,,2025-09-16
3ea3d9e3-c2a4-46ba-9eb9-073fe8b5bbc0,"Adani Power secures mega ‚Çπ26,500 crore deal",https://t.me/stocktwitsindia/9124,stocktwitsindia,2025-09-15T08:31:09+00:00,2025-10-24T14:34:11.632485,"['stocktwitsindia', 'telegram']",,,,2025-09-15
b8aabd8c-c74f-4e2f-b029-cdb992dbbb72,Data centre infrastructure a huge opportunity for investors üëÄ,https://t.me/stocktwitsindia/9123,stocktwitsindia,2025-09-15T08:25:52+00:00,2025-10-24T14:34:11.632495,"['stocktwitsindia', 'telegram']",,,,2025-09-15
cbf2cc91-5641-45ac-925f-8dda64ca33cf,"SEBI RA sees nearly 30% upside in this breakout stock

Check out the stock name here: https://stocktwits.com/financialsarthis/message/628648557",https://t.me/stocktwitsindia/9122,stocktwitsindia,2025-09-15T08:12:53+00:00,2025-10-24T14:34:11.632529,"['stocktwitsindia', 'telegram']",,,,2025-09-15
646a702c-9d15-43a5-b0cf-9821f9a39773,Smartphone exports hit record,https://t.me/stocktwitsindia/9121,stocktwitsindia,2025-09-15T08:09:42+00:00,2025-10-24T14:34:11.632539,"['stocktwitsindia', 'telegram']",,,,2025-09-15
707bdc76-f0c4-49a7-9e32-17df43f7f68c,"Sensex declines 350 pts, Nifty below 25,800: Profit booking among key factors behind market fall

More details‚è¨
https://www.moneycontrol.com/news/business/markets/sensex-declines-300-pts-from-day-s-high-nifty-below-25-850-profit-booking-among-key-factors-behind-market-fall-13630093.html?utm_medium=social&utm_source=telegram&utm_campaign=regular-editorial",https://t.me/moneycontrolcom/100862,moneycontrolcom,2025-10-24T08:04:04+00:00,2025-10-24T14:34:11.984332,"['moneycontrolcom', 'telegram']",,,,2025-10-24
c3120fec-b30f-40e7-aa2f-3cee23988dc4,"HFCL eyes 'massive' opportunity in defence sector, bets big on new Andhra manufacturing complex

More detailsüëá
https://www.moneycontrol.com/news/business/hfcl-eyes-massive-opportunity-in-defence-sector-bets-big-on-new-andhra-pradesh-manufacturing-complex-13630057.html?utm_medium=social&utm_source=telegram&utm_campaign=regular-editorial",https://t.me/moneycontrolcom/100861,moneycontrolcom,2025-10-24T05:38:29+00:00,2025-10-24T14:34:11.984443,"['moneycontrolcom', 'telegram']",,,,2025-10-24
50de20f1-f077-40d8-91d9-2c0f2c80df59,"üö®Piyush Pandey passes away

Widely regarded as the man who gave Indian advertising its voice, and its accent - Pandey spent over four decades at Ogilvy India, the agency that became almost synonymous with his name and vision.

Read üëá
https://moneycontrol.com/news/india/piyush-pandey-passes-away-pandey-was-the-architect-of-indian-advertising-s-soul-13629927.html?utm_medium=social&utm_source=telegram&utm_campaign=regular-editorial",https://t.me/moneycontrolcom/100860,moneycontrolcom,2025-10-24T04:31:04+00:00,2025-10-24T14:34:11.984521,"['moneycontrolcom', 'telegram']",,,,2025-10-24
38cdaad5-1239-425f-b353-73cf59f05c63,"üö®'H1B system spammed with fraud': White House cites 'abuse‚Äô as it prepares to battle lawsuits over visa fee hike

More details here üëá
https://www.moneycontrol.com/world/white-house-cites-h-1b-abuse-as-it-prepares-to-battle-lawsuits-over-visa-fee-hike-article-13629762.html?utm_medium=social&utm_source=telegram&utm_campaign=regular-editorial",https://t.me/moneycontrolcom/100859,moneycontrolcom,2025-10-24T03:08:18+00:00,2025-10-24T14:34:11.984586,"['moneycontrolcom', 'telegram']",,,,2025-10-24
14b5ccf4-e26e-4d7a-a5f1-5c29d448e408,"Starlink reportedly plans 9 earth stations across India ahead of satcom launch

More details here üëá
https://www.moneycontrol.com/news/telecom/starlink-reportedly-plans-9-earth-stations-across-india-ahead-of-satcom-launch-13629688.html?utm_medium=social&utm_source=telegram&utm_campaign=regular-editorial",https://t.me/moneycontrolcom/100858,moneycontrolcom,2025-10-24T02:21:10+00:00,2025-10-24T14:34:11.984639,"['moneycontrolcom', 'telegram']",,,,2025-10-24
eabec1ee-939f-4dbf-81aa-77eb6eaeae5c,"#MarketsWithMC | Relief rally in Asia: Stocks climb on Trump‚ÄìXi talks, investors brace for US CPI report

More details here üëá
https://www.moneycontrol.com/news/business/markets/relief-rally-in-asia-stocks-climb-on-trump-xi-talks-investors-brace-for-us-cpi-report-13629645.html?utm_medium=social&utm_source=telegram&utm_campaign=regular-editorial",https://t.me/moneycontrolcom/100857,moneycontrolcom,2025-10-24T02:11:36+00:00,2025-10-24T14:34:11.984697,"['moneycontrolcom', 'telegram']",,,,2025-10-24
89ba0940-ea52-4b1b-a496-17b36d2ebf6f,"üö®Gold to snap nine-week winning streak as heat comes out of rally

Details here üëá
http://moneycontrol.com/news/business/commodities/gold-to-snap-nine-week-winning-streak-as-heat-comes-out-of-rally-13629644.html?utm_medium=social&utm_source=telegram&utm_campaign=regular-editorial",https://t.me/moneycontrolcom/100856,moneycontrolcom,2025-10-24T02:06:38+00:00,2025-10-24T14:34:11.984852,"['moneycontrolcom', 'telegram']",,,,2025-10-24
48996c50-d576-41a1-8d5f-993244f3012e,"The Gaganyaan mission is progressing steadily with nearly 90 per cent of the development work being completed: ISRO Chairman V Narayanan 

The Gaganyaan mission is India‚Äôs first human spaceflight mission under development.

More Details ‚¨áüîó
https://www.moneycontrol.com/news/india/gaganyaan-mission-90-development-work-completed-says-isro-chief-narayanan-13629276.html?utm_medium=social&utm_source=telegram&utm_campaign=regular-editorial",https://t.me/moneycontrolcom/100855,moneycontrolcom,2025-10-23T17:32:47+00:00,2025-10-24T14:34:11.984988,"['moneycontrolcom', 'telegram']",,,,2025-10-23
98841c14-726e-4276-8f8b-4e07e4b2ad0c,"#WorldNews | Elon Musk Congratulates Google on Quantum Breakthrough

Earlier in the day, Google unveiled that its new Willow quantum chip had achieved a verifiable quantum advantage, running the Quantum Echoes algorithm 13,000 times faster than one of the world‚Äôs most powerful classical supercomputers. 

Pichai hailed the result as a ‚Äúmajor step toward the first real-world applications of quantum computing,‚Äù explaining that the algorithm can simulate atomic interactions within molecules using nuclear magnetic resonance, paving the way for breakthroughs in materials science, chemistry, and AI.",https://t.me/moneycontrolcom/100854,moneycontrolcom,2025-10-23T15:50:20+00:00,2025-10-24T14:34:11.985112,"['moneycontrolcom', 'telegram']",,,,2025-10-23
dd6e0a4b-a9d2-4747-a28e-252bd0cc6b04,"SEBI proposes standardised process for mutual fund folio opening and first investment

More Details ‚¨áüîó  
https://www.moneycontrol.com/news/business/markets/sebi-proposes-standardised-process-for-mutual-fund-folio-opening-and-first-investment-13629475.html?utm_medium=social&utm_source=telegram&utm_campaign=regular-editorial",https://t.me/moneycontrolcom/100853,moneycontrolcom,2025-10-23T13:57:34+00:00,2025-10-24T14:34:11.985222,"['moneycontrolcom', 'telegram']",,,,2025-10-23
2a69b6e5-cb40-49c9-801a-c924f712a68f,"Armed with AI, scammers go hi-tech; here's how to guard against trading frauds ‚ö†Ô∏è

More Details ‚¨áüîó
https://www.moneycontrol.com/news/business/personal-finance/armed-with-ai-scammers-go-hi-tech-here-s-how-to-guard-against-trading-frauds-13628844.html?utm_medium=social&utm_source=telegram&utm_campaign=regular-editorial",https://t.me/moneycontrolcom/100852,moneycontrolcom,2025-10-23T12:54:32+00:00,2025-10-24T14:34:11.985314,"['moneycontrolcom', 'telegram']",,,,2025-10-23
b6e1b68f-a946-4619-ad0a-0ba51e272b98,"MCExclusive üö® | The next MNC IPO on D-Street! MTR Foods parent Orkla India set to launch issue between Oct 29-31 at up to Rs 10,000 crore valuation 

More Details ‚¨áüîó
https://www.moneycontrol.com/news/business/ipo/mtr-foods-parent-orkla-india-likely-to-launch-rs-1-650-crore-ipo-between-oct-29-and-oct-31-13629354.html?utm_medium=social&utm_source=telegram&utm_campaign=regular-editorial",https://t.me/moneycontrolcom/100851,moneycontrolcom,2025-10-23T11:50:55+00:00,2025-10-24T14:34:11.985400,"['moneycontrolcom', 'telegram']",,,,2025-10-23
86252062-2fe7-4d9e-bb23-00de08d54c15,"The Defence Acquisition Council, led by Defence Minister Rajnath Singh, cleared on October 23 proposals worth Rs 79,000 crore to buy new missile systems, high mobility vehicles, naval surface guns and other equipment for its armed forces 

More details ‚¨áüîó
https://www.moneycontrol.com/news/business/defence-acquisition-council-clears-arms-proposals-worth-rs-79-000-cr-to-boost-military-power-13629306.html?utm_medium=social&utm_source=telegram&utm_campaign=regular-editorial",https://t.me/moneycontrolcom/100850,moneycontrolcom,2025-10-23T11:09:45+00:00,2025-10-24T14:34:11.985502,"['moneycontrolcom', 'telegram']",,,,2025-10-23
0ae2843b-03bb-4d0d-8258-b787b09fbb4a,"MarketsWithMC | üîî Closing Bell: Nifty Slips Over 150 Points From Day's High But Gains For 6th Day - IT Stocks Surge 

More Details ‚¨áüîó 
https://www.moneycontrol.com/news/videos/business/markets/nifty-slips-over-150-points-from-day-s-high-but-gains-for-6th-day-it-stocks-surge-closing-bell-live-13629050.html?utm_medium=social&utm_source=telegram&utm_campaign=regular-editorial",https://t.me/moneycontrolcom/100849,moneycontrolcom,2025-10-23T10:14:20+00:00,2025-10-24T14:34:11.985601,"['moneycontrolcom', 'telegram']",,,,2025-10-23
fc442b80-31dc-4560-9aa9-fcba1fa390e9,"MCPersonalFinance | Armed with AI, scammers go hi-tech; here's how to guard against trading frauds

More details ‚¨áüîó
https://www.moneycontrol.com/news/business/personal-finance/armed-with-ai-scammers-go-hi-tech-here-s-how-to-guard-against-trading-frauds-13628844.html?utm_medium=social&utm_source=telegram&utm_campaign=regular-editorial",https://t.me/moneycontrolcom/100848,moneycontrolcom,2025-10-23T09:38:33+00:00,2025-10-24T14:34:11.985674,"['moneycontrolcom', 'telegram']",,,,2025-10-23
93eb3592-ed95-47df-8d5d-cd0b6ef35c3f,"#EarningsWithMC | HUL Q2 net profit up 3% YoY to Rs 2,690 crore, beats estimates; Rs 19 per share dividend declared

More details here üëá
https://www.moneycontrol.com/news/business/earnings/hul-q2-net-profit-up-3-yoy-to-rs-2-690-crore-beats-estimates-rs-19-per-share-dividend-declared-13628461.html?utm_medium=social&utm_source=telegram&utm_campaign=regular-editorial",https://t.me/moneycontrolcom/100847,moneycontrolcom,2025-10-23T06:05:08+00:00,2025-10-24T14:34:11.985760,"['moneycontrolcom', 'telegram']",,,,2025-10-23
207a4c58-5a3e-4f10-94fe-6c5b122e6fdf,"Reliance 'recalibrating' Russian oil imports to align with Centre's guidelines

More details‚è¨
https://www.moneycontrol.com/news/business/reliance-recalibrating-russian-oil-imports-to-align-with-centre-s-guidelines-13628494.html?utm_medium=social&utm_source=telegram&utm_campaign=regular-editorial",https://t.me/moneycontrolcom/100846,moneycontrolcom,2025-10-23T05:44:21+00:00,2025-10-24T14:34:11.985845,"['moneycontrolcom', 'telegram']",,,,2025-10-23
ef5431f9-73ad-4751-94e4-7997b62c41ca,"#MarketsWithMC | Urban Company shares drop 3% after Morgan Stanley's 'Underweight' call, Goldman Sachs remains 'Neutral'

More details here üëá
https://www.moneycontrol.com/news/business/markets/urban-company-shares-drop-3-after-morgan-stanley-s-underweight-call-goldman-sachs-remains-neutral-13628370.html?utm_medium=social&utm_source=telegram&utm_campaign=regular-editorial",https://t.me/moneycontrolcom/100845,moneycontrolcom,2025-10-23T05:07:59+00:00,2025-10-24T14:34:11.985957,"['moneycontrolcom', 'telegram']",,,,2025-10-23
049767f8-9c91-470b-a1e0-3effa8a4380e,"Infosys rises 4% as promoters opt out of Rs 18,000-crore share buyback; Nifty IT surges 2.4%

More details‚è¨
https://www.moneycontrol.com/news/business/markets/infosys-rises-4-as-promoters-opt-out-of-rs-18-000-crore-share-buyback-nifty-it-surges-2-4-13628303.html?utm_medium=social&utm_source=telegram&utm_campaign=regular-editorial",https://t.me/moneycontrolcom/100844,moneycontrolcom,2025-10-23T05:05:11+00:00,2025-10-24T14:34:11.986026,"['moneycontrolcom', 'telegram']",,,,2025-10-23
0dda7551-ee54-48b5-a394-8e3b58bfebde,"Google Cloud names Accenture veteran Karthik Narain as Chief Product and Business Officer

More details‚è¨
https://www.moneycontrol.com/technology/google-cloud-names-accenture-veteran-karthik-narain-as-chief-product-and-business-officer-article-13628291.html?utm_medium=social&utm_source=telegram&utm_campaign=regular-editorial",https://t.me/moneycontrolcom/100843,moneycontrolcom,2025-10-23T04:48:02+00:00,2025-10-24T14:34:11.986104,"['moneycontrolcom', 'telegram']",,,,2025-10-23
a23edd0c-b7d0-400e-87e9-4efadc68135f,"Meta layoffs: Hundreds of jobs cut in AI division after billion-dollar hiring spree

More detailsüëá
https://www.moneycontrol.com/technology/meta-layoffs-hundreds-of-jobs-cut-in-ai-division-after-billion-dollar-hiring-spree-article-13628067.html?utm_medium=social&utm_source=telegram&utm_campaign=regular-editorial",https://t.me/moneycontrolcom/100842,moneycontrolcom,2025-10-23T03:58:19+00:00,2025-10-24T14:34:11.986174,"['moneycontrolcom', 'telegram']",,,,2025-10-23
edb74b02-5bf6-4009-abcf-464d5620b25a,"#MarketsWithMC | Bulls charge! Nifty tops 26,000, Sensex jumps 600 points as U.S.-India trade deal hopes lift investor sentiment

More details here ‚¨áÔ∏è
https://www.moneycontrol.com/news/business/markets/bulls-charge-nifty-tops-26-000-sensex-jumps-600-points-as-u-s-india-trade-deal-hopes-lift-investor-sentiment-13627998.html?utm_medium=social&utm_source=telegram&utm_campaign=regular-editorial",https://t.me/moneycontrolcom/100841,moneycontrolcom,2025-10-23T03:55:14+00:00,2025-10-24T14:34:11.986249,"['moneycontrolcom', 'telegram']",,,,2025-10-23
d266cd17-f93c-4a74-ad75-2fe76c1f381b,"Gold and silver prices today, October 23: 24K gold at Rs 1,25,890, silver at Rs 1.60 lakh; check rates in your city

More detailsüëá
https://www.moneycontrol.com/news/business/commodities/gold-and-silver-prices-today-october-23-24k-gold-at-rs-12-588-silver-at-rs-1-59-lakh-check-rates-in-your-city-13627865.html?utm_medium=social&utm_source=telegram&utm_campaign=regular-editorial",https://t.me/moneycontrolcom/100840,moneycontrolcom,2025-10-23T03:23:15+00:00,2025-10-24T14:34:11.986348,"['moneycontrolcom', 'telegram']",,,,2025-10-23
444db10d-f02d-4cdc-951f-a4f1c914d5f2,"üö®India to soon get new guidelines on carrying power banks on flights

More details here ‚¨áÔ∏è
https://www.moneycontrol.com/technology/india-to-soon-get-new-guidelines-on-carrying-power-banks-on-flights-article-13627805.html?utm_medium=social&utm_source=telegram&utm_campaign=regular-editorial",https://t.me/moneycontrolcom/100839,moneycontrolcom,2025-10-23T02:34:36+00:00,2025-10-24T14:34:11.986420,"['moneycontrolcom', 'telegram']",,,,2025-10-23
1e45f2e2-85d2-4523-b56f-0407818b94ba,"#MarketsWithMC | Asian stocks, gold retreat as momentum unwinds

More details here üëá
http://moneycontrol.com/news/business/markets/asian-stocks-gold-retreat-as-momentum-unwinds-13627794.html?utm_medium=social&utm_source=telegram&utm_campaign=regular-editorial",https://t.me/moneycontrolcom/100838,moneycontrolcom,2025-10-23T02:21:01+00:00,2025-10-24T14:34:11.986482,"['moneycontrolcom', 'telegram']",,,,2025-10-23
54fd45ad-52cb-4b91-89d0-9cb8a25aec17,"#Business | Oil jumps after settlement on new US sanctions on Russian oil companies

More details here üëá
https://www.moneycontrol.com/world/oil-jumps-after-settlement-on-new-us-sanctions-on-russian-oil-companies-article-13627778.html?utm_medium=social&utm_source=telegram&utm_campaign=regular-editorial",https://t.me/moneycontrolcom/100837,moneycontrolcom,2025-10-23T00:42:44+00:00,2025-10-24T14:34:11.986546,"['moneycontrolcom', 'telegram']",,,,2025-10-23
c0d150c0-da0e-41c8-986b-c225f1ad849b,"#Business  | Tesla profits tumble on higher costs, tariff drag

More details here üëá
https://www.moneycontrol.com/news/business/tesla-profits-tumble-on-higher-costs-tariff-drag-13627777.html?utm_medium=social&utm_source=telegram&utm_campaign=regular-editorial",https://t.me/moneycontrolcom/100836,moneycontrolcom,2025-10-23T00:37:15+00:00,2025-10-24T14:34:11.986602,"['moneycontrolcom', 'telegram']",,,,2025-10-23
75f12157-61a6-4e5f-9c66-e2ae4f76f673,"#NewsAlert üö® | Anthropic PBC is in discussions with Alphabet Inc.‚Äôs Google about a deal that would provide the artificial intelligence company with additional computing power valued in the high tens of billions of dollars, according to people familiar with the matter.

More Details ‚¨áüîó
https://www.moneycontrol.com/news/business/anthropic-google-in-talks-on-multibillion-dollar-cloud-deal-13627661.html?utm_medium=social&utm_source=telegram&utm_campaign=regular-editorial",https://t.me/moneycontrolcom/100835,moneycontrolcom,2025-10-22T17:23:05+00:00,2025-10-24T14:34:11.986692,"['moneycontrolcom', 'telegram']",,,,2025-10-22
4a29c195-948a-4740-bec7-b3f0a9eaf402,"Kolkata woman sleeping beside 4-year-old son gang-raped after men barge into house in Bengaluru

More Details ‚¨áüîó
https://www.moneycontrol.com/news/india/kolkata-woman-sleeping-beside-4-year-old-son-gang-raped-after-men-barge-into-house-in-bengaluru-13627631.html?utm_medium=social&utm_source=telegram&utm_campaign=regular-editorial",https://t.me/moneycontrolcom/100834,moneycontrolcom,2025-10-22T15:22:17+00:00,2025-10-24T14:34:11.986760,"['moneycontrolcom', 'telegram']",,,,2025-10-22
d28e3e75-d06b-4ad7-8c90-83480a0d58e3,"üö® AI talent demand accelerates; job postings rise 11.7% in September: Report

More Details ‚¨áüîó | #AI #JobPostings #AITalent 
https://www.moneycontrol.com/artificial-intelligence/ai-talent-demand-accelerates-job-postings-rise-11-7-in-september-report-article-13627598.html?utm_medium=social&utm_source=telegram&utm_campaign=regular-editorial",https://t.me/moneycontrolcom/100833,moneycontrolcom,2025-10-22T13:57:02+00:00,2025-10-24T14:34:11.986832,"['moneycontrolcom', 'telegram']",,,,2025-10-22
66063582-b2c1-4393-ae33-41a8a8875ea9,"MCInterview üö® | Trade between India and Norway could more than double in coming decade: Norwegian Ambassador  

More details ‚¨áüîó
https://www.moneycontrol.com/news/business/trade-between-india-and-norway-could-more-than-double-in-coming-decade-norwegian-ambassador-13627436.html?utm_medium=social&utm_source=telegram&utm_campaign=regular-editorial",https://t.me/moneycontrolcom/100832,moneycontrolcom,2025-10-22T11:31:41+00:00,2025-10-24T14:34:11.986902,"['moneycontrolcom', 'telegram']",,,,2025-10-22
72b05875-74e4-4162-a4fd-7629b8ccd311,"TechWithMC | How India wants to tackle deepfakes menace through new amendments under IT Rules 2021

More details ‚¨áÔ∏èüîó
https://www.moneycontrol.com/technology/how-india-wants-to-tackle-deepfakes-menace-through-new-amendments-under-it-rules-2021-article-13627206.html?utm_medium=social&utm_source=telegram&utm_campaign=regular-editorial",https://t.me/moneycontrolcom/100831,moneycontrolcom,2025-10-22T08:52:07+00:00,2025-10-24T14:34:11.986967,"['moneycontrolcom', 'telegram']",,,,2025-10-22
2bdd4218-e6f4-4bbb-b592-68f12a5af329,"Asian shares slip on selling of tech stocks after a lackluster day on Wall Street

Details here‚§µÔ∏è
https://www.moneycontrol.com/news/business/markets/asian-shares-slip-on-selling-of-tech-stocks-after-a-lackluster-day-on-wall-street-13626980.html?utm_medium=social&utm_source=telegram&utm_campaign=regular-editorial",https://t.me/moneycontrolcom/100830,moneycontrolcom,2025-10-22T06:45:33+00:00,2025-10-24T14:34:11.987030,"['moneycontrolcom', 'telegram']",,,,2025-10-22
e59b0931-a6c6-427e-be02-eed2f065612b,"Wider loan range: An attraction to diverse segments.

From small-ticket credit to high-value personal loans, platforms with flexible ranges see better adoption across both first-time borrowers and repeat customers. 

Explore your options now:
https://www.moneycontrolpay.com/?utm_source=Telegram",https://t.me/moneycontrolcom/100829,moneycontrolcom,2025-10-22T06:05:55+00:00,2025-10-24T14:34:11.987083,"['moneycontrolcom', 'telegram']",,,,2025-10-22
dd02820e-841e-498f-9577-7dbe0ef86765,"#Business | India‚Äôs data centre boom: Global giants and local players set to pour over $50 billion into capacity buildout 

More details here ‚¨áÔ∏è
https://www.moneycontrol.com/news/business/india-s-data-centre-boom-global-giants-and-local-players-set-to-pour-over-50-billion-into-capacity-buildout-13626866.html?utm_medium=social&utm_source=telegram&utm_campaign=regular-editorial",https://t.me/moneycontrolcom/100828,moneycontrolcom,2025-10-22T05:29:46+00:00,2025-10-24T14:34:11.987149,"['moneycontrolcom', 'telegram']",,,,2025-10-22
32ebaca2-8cef-45c3-bc0f-425533563557,"üö®Gold, silver extend losses as equity rally stalls

More details here ‚¨áÔ∏è
https://www.moneycontrol.com/news/business/gold-silver-extend-losses-as-equity-rally-stalls-13626708.html?utm_medium=social&utm_source=whatsapp&utm_campaign=regular-editorial",https://t.me/moneycontrolcom/100827,moneycontrolcom,2025-10-22T03:08:52+00:00,2025-10-24T14:34:11.987204,"['moneycontrolcom', 'telegram']",,,,2025-10-22
953fbbdd-da20-42ee-9beb-5edbf53b9c3b,"üö®Trump says he wants to be ""nice"" to China, but slaps 155% tariffs from Nov 1

More details here üëá
https://www.moneycontrol.com/world/trump-says-he-wants-to-be-nice-to-china-but-slaps-155-tariffs-from-nov-1-article-13626697.html?utm_medium=social&utm_source=telegram&utm_campaign=regular-editorial",https://t.me/moneycontrolcom/100826,moneycontrolcom,2025-10-22T02:36:43+00:00,2025-10-24T14:34:11.987266,"['moneycontrolcom', 'telegram']",,,,2025-10-22
6a31102b-8677-4800-95dc-c850f11d3252,"#TechWithMC | OpenAI takes on Google Chrome, Perplexity Comet with new Atlas browser: All the details

More details here üëá
https://www.moneycontrol.com/technology/openai-takes-on-google-chrome-perplexity-comet-with-new-atlas-browser-all-the-details-article-13626602.html?utm_medium=social&utm_source=telegram&utm_campaign=regular-editorial",https://t.me/moneycontrolcom/100825,moneycontrolcom,2025-10-22T00:31:55+00:00,2025-10-24T14:34:11.987331,"['moneycontrolcom', 'telegram']",,,,2025-10-22
e757d5de-862a-4032-9aef-9925463ce421,"Centre notifies Vir Chakra citations in gazette: Op Sindoor heroes among army, IAF gallantry awardees üáÆüá≥üéñÔ∏èü™ñ

More Details ‚¨áüîó
https://www.moneycontrol.com/news/india/centre-notifies-vir-chakra-citations-in-gazette-op-sindoor-heroes-among-army-iaf-gallantry-awardees-13626583.html?utm_medium=social&utm_source=telegram&utm_campaign=regular-editorial",https://t.me/moneycontrolcom/100824,moneycontrolcom,2025-10-21T17:23:22+00:00,2025-10-24T14:34:11.987406,"['moneycontrolcom', 'telegram']",,,,2025-10-21
382f577a-4288-47af-8a97-cc9cb9522703,"Gold and silver post steepest drops in years as rally cools 

More Details ‚¨áüîó
https://www.moneycontrol.com/news/business/commodities/gold-and-silver-post-steepest-drops-in-years-as-rally-cools-13626544.html?utm_medium=social&utm_source=telegram&utm_campaign=regular-editorial",https://t.me/moneycontrolcom/100823,moneycontrolcom,2025-10-21T16:58:39+00:00,2025-10-24T14:34:11.987463,"['moneycontrolcom', 'telegram']",,,,2025-10-21
df2c59d2-3205-4d6f-9ca3-e1b00ed56d26,"üö® India eyes Rs 10,000-crore missile deal with Russia to boost S-400 air defence systems: Report

More Details ‚¨áüîó
https://moneycontrol.com/news/india/india-plans-rs-10-000-crore-missile-purchase-from-russia-to-boost-s-400-air-defence-system-report-13626517.html?utm_medium=social&utm_source=telegram&utm_campaign=regular-editorial",https://t.me/moneycontrolcom/100822,moneycontrolcom,2025-10-21T16:11:20+00:00,2025-10-24T14:34:11.987529,"['moneycontrolcom', 'telegram']",,,,2025-10-21
e47dd6cc-2bf0-44c7-8c0c-4fc8f4c726ab,"The anti-corruption ombudsman Lokpal has sparked debate after issuing a tender to purchase seven BMW 3 Series 330Li M Sport cars, each priced around Rs 69.5 lakh, bringing the total cost close to Rs 5 crore.

More Details ‚¨áüîó
https://moneycontrol.com/news/india/as-lokpal-floats-tender-for-7-bmws-worth-rs-5-crore-a-look-at-its-performance-over-past-5-years-of-functioning-13626410.html?utm_medium=social&utm_source=telegram&utm_campaign=regular-editorial",https://t.me/moneycontrolcom/100821,moneycontrolcom,2025-10-21T15:18:48+00:00,2025-10-24T14:34:11.987612,"['moneycontrolcom', 'telegram']",,,,2025-10-21
228fd946-157a-438c-a010-7ed7ae1e9228,"üö® Diwali fireworks push Delhi‚Äôs air quality to four-year low; AQI surges 49% 

More Details ‚¨áüîó
https://www.moneycontrol.com/news/india/diwali-fireworks-push-delhi-s-air-quality-to-four-year-low-aqi-surges-49-13626412.html?utm_medium=social&utm_source=telegram&utm_campaign=regular-editorial",https://t.me/moneycontrolcom/100820,moneycontrolcom,2025-10-21T13:37:58+00:00,2025-10-24T14:34:11.987677,"['moneycontrolcom', 'telegram']",,,,2025-10-21
c8c2e370-f8a4-43fb-bc1b-a8116f3a8769,"India‚Äôs wealth engine turns domestic, but behaviour still trails the money

More details‚è¨
https://www.moneycontrol.com/news/business/india-s-wealth-engine-turns-domestic-but-behaviour-still-trails-the-money-13626390.html?utm_medium=social&utm_source=telegram&utm_campaign=regular-editorial",https://t.me/moneycontrolcom/100819,moneycontrolcom,2025-10-21T12:13:38+00:00,2025-10-24T14:34:11.987745,"['moneycontrolcom', 'telegram']",,,,2025-10-21
eed5d68b-c3db-46eb-bc9e-741262355445,"US offers clarity on $100,000 H-1B visa fee: Who pays, who is exempt and what it means for Indian techies 

More Details ‚¨áüîó
https://www.moneycontrol.com/news/india/h-1b-visa-us-says-not-everyone-required-to-pay-100-000-fee-check-who-is-exempt-who-must-pay-13625798.html?utm_medium=social&utm_source=telegram&utm_campaign=regular-editorial",https://t.me/moneycontrolcom/100818,moneycontrolcom,2025-10-21T10:59:42+00:00,2025-10-24T14:34:11.987811,"['moneycontrolcom', 'telegram']",,,,2025-10-21
b457a881-e7a5-456a-b178-f014e081bf0d,"Vodafone Idea turns to Indian vendors like Tejas, HFCL, HCL to cut costs, speed up 4G-5G rollout

More details‚è¨
https://www.moneycontrol.com/news/telecom/vodafone-idea-turns-to-indian-vendors-like-tejas-hfcl-hcl-to-cut-costs-speed-up-4g-5g-rollout-13625859.html?utm_medium=social&utm_source=telegram&utm_campaign=regular-editorial",https://t.me/moneycontrolcom/100817,moneycontrolcom,2025-10-21T06:31:08+00:00,2025-10-24T14:34:11.987871,"['moneycontrolcom', 'telegram']",,,,2025-10-21
7bb60189-1e25-4ba2-b0dc-27c50c04fcc3,"From equities to gold, this  year had its share of hits and misses. 

Explore our Diwali Muhurat special with charts, insights, and key market stories from Samvat 2081. üîó

https://www.moneycontrol.com/news/diwali-muhurat-trading-samvat/",https://t.me/moneycontrolcom/100816,moneycontrolcom,2025-10-21T06:17:21+00:00,2025-10-24T14:34:11.987924,"['moneycontrolcom', 'telegram']",,,,2025-10-21
ba53bd2a-9729-4267-8f98-b679e4751b16,"Muhurat Trading 2025: Markets to hold 1-hour Diwali session today; check key timings

Details here‚§µÔ∏è
https://www.moneycontrol.com/news/business/markets/muhurat-trading-2025-markets-to-hold-1-hour-diwali-session-today-check-key-timings-13625623.html?utm_medium=social&utm_source=telegram&utm_campaign=regular-editorial",https://t.me/moneycontrolcom/100815,moneycontrolcom,2025-10-21T05:24:07+00:00,2025-10-24T14:34:11.987982,"['moneycontrolcom', 'telegram']",,,,2025-10-21
526ab8b8-ed4f-416b-9439-ba2a67828c30,"Social worker and entrepreneur MK Bhatia, known for his unique gestures every year, is once again making headlines this Diwali 

More Details ‚¨áüîó
https://www.moneycontrol.com/news/india/chandigarh-businessman-gifts-51-luxury-cars-to-team-members-for-third-year-in-row-13624878.html?utm_medium=social&utm_source=telegram&utm_campaign=regular-editorial",https://t.me/moneycontrolcom/100814,moneycontrolcom,2025-10-20T13:39:55+00:00,2025-10-24T14:34:11.988054,"['moneycontrolcom', 'telegram']",,,,2025-10-20
1730eebe-b823-4746-b9e8-b790acbc65f2,"Upcoming IPO: Avaada Electro files confidential draft papers with SEBI to raise around Rs 10,000 crore via IPO 

More Details ‚¨áüîó
https://www.moneycontrol.com/news/business/ipo/upcoming-ipo-avaada-electro-files-confidential-draft-papers-with-sebi-to-raise-around-rs-10-000-crore-via-ipo-13625383.html?utm_medium=social&utm_source=telegram&utm_campaign=regular-editorial",https://t.me/moneycontrolcom/100813,moneycontrolcom,2025-10-20T12:41:42+00:00,2025-10-24T14:34:11.988123,"['moneycontrolcom', 'telegram']",,,,2025-10-20
1e252dc3-b8b2-46b9-a701-d0e3e1241ad6,"MarketsWithMC | üîî Closing Bell: Diwali Cheer Extends For Fourth Day | Nifty Hits 25,900 Intra-day, Banks Party

Get more updates here ‚¨áüîó
https://www.moneycontrol.com/news/videos/business/markets/diwali-cheer-extends-for-fourth-day-nifty-hits-25-900-intra-day-banks-party-closing-bell-live-13625148.html?utm_medium=social&utm_source=telegram&utm_campaign=regular-editorial",https://t.me/moneycontrolcom/100812,moneycontrolcom,2025-10-20T10:33:30+00:00,2025-10-24T14:34:11.988198,"['moneycontrolcom', 'telegram']",,,,2025-10-20
df7e250f-0710-495f-86ee-cd34ecddb4eb,"AWS down: 10 popular services currently not working due to the outage in India ‚ö†Ô∏è

More Details ‚¨áüîó
https://www.moneycontrol.com/technology/aws-down-10-popular-services-currently-not-working-due-to-the-outage-in-india-photo-gallery-13625238.html?utm_medium=social&utm_source=telegram&utm_campaign=regular-editorial",https://t.me/moneycontrolcom/100811,moneycontrolcom,2025-10-20T10:07:18+00:00,2025-10-24T14:34:11.988260,"['moneycontrolcom', 'telegram']",,,,2025-10-20
83e3f585-df36-4ecb-b825-e612c225b3c0,"Amazon Web Services are down globally: Takes down Perplexity, Snapchat, Alexa and more; here‚Äôs what the company has to say 

More Details ‚¨áüîó
https://www.moneycontrol.com/technology/amazon-web-services-are-down-globally-takes-down-perplexity-snapchat-alexa-and-more-here-s-what-the-company-has-to-say-article-13625181.html?utm_medium=social&utm_source=telegram&utm_campaign=regular-editorial",https://t.me/moneycontrolcom/100810,moneycontrolcom,2025-10-20T09:46:40+00:00,2025-10-24T14:34:11.988344,"['moneycontrolcom', 'telegram']",,,,2025-10-20
bed5ee03-cfb0-4336-8bd1-b7832395a1de,"üö® Hindustan Zinc to advance mining leases of silver rich areas amid record prices

More details ‚¨áüîó
https://moneycontrol.com/news/business/hindustan-zinc-to-advance-mining-leases-of-silver-rich-areas-amid-record-prices-13624943.html?utm_medium=social&utm_source=telegram&utm_campaign=regular-editorial",https://t.me/moneycontrolcom/100809,moneycontrolcom,2025-10-20T09:16:28+00:00,2025-10-24T14:34:11.988405,"['moneycontrolcom', 'telegram']",,,,2025-10-20
868f4d1d-6316-44c8-a5cc-76ab11d82a29,"#MahuratTrading2025 | As Diwali kicks off, the buzz around muhurat trading heats up! üî•ü™î

- Nifty around 25,870 üìä
- Sensex rises 470 pts‚Å†
- ‚Å†RBL Bank, RIL, ICICI Bank most active

Track LIVE updates here üëá
https://www.moneycontrol.com/news/business/markets/stock-market-live-sensex-nifty-50-share-price-gift-nifty-latest-updates-20-10-2025-liveblog-13624116.html",https://t.me/moneycontrolcom/100808,moneycontrolcom,2025-10-20T08:31:24+00:00,2025-10-24T14:34:11.988480,"['moneycontrolcom', 'telegram']",,,,2025-10-20
be46f8a8-8bbf-4399-b68d-24b2af72c1dd,"Federal Bank to roll out preferential issue for 9.99% stake

More detailsüëá
https://www.moneycontrol.com/banking/federal-bank-to-roll-out-preferential-issue-for-9-99-stake-article-13625012.html?utm_medium=social&utm_source=telegram&utm_campaign=regular-editorial",https://t.me/moneycontrolcom/100807,moneycontrolcom,2025-10-20T08:20:25+00:00,2025-10-24T14:34:11.988535,"['moneycontrolcom', 'telegram']",,,,2025-10-20
309f0ed8-3639-4388-add8-4bc222c495c0,"Mutual funds invest nearly Rs 20,000 crore in IPOs in 2025, large issues dominate

More detailsüëá
https://www.moneycontrol.com/news/business/markets/mutual-funds-invest-nearly-rs-20-000-crore-in-ipos-in-2025-large-issues-dominate-13624382.html?utm_medium=social&utm_source=telegram&utm_campaign=regular-editorial",https://t.me/moneycontrolcom/100806,moneycontrolcom,2025-10-20T07:32:00+00:00,2025-10-24T14:34:11.988595,"['moneycontrolcom', 'telegram']",,,,2025-10-20
0d09a664-b171-473c-acf1-53fb118f4911,"Silver down 8% from record highs as easing trade tensions cap safe-haven demand

More details‚è¨
https://www.moneycontrol.com/news/business/markets/silver-down-8-from-record-highs-as-easing-trade-tensions-cap-safe-haven-demand-13624148.html?utm_medium=social&utm_source=telegram&utm_campaign=regular-editorial",https://t.me/moneycontrolcom/100805,moneycontrolcom,2025-10-20T04:57:45+00:00,2025-10-24T14:34:11.988651,"['moneycontrolcom', 'telegram']",,,,2025-10-20
58e862e7-83a2-42ea-a720-679444ae7797,"Sundar Pichai wishes everyone a Happy Diwali in a fun way! üéâ

‚ÄúObviously this is the only way we serve the barfi in my house :) Wishing everyone a Diwali filled with light, joy, and your favorite festive treats ‚Äî Google-themed or otherwise!‚Äù ‚ú®ü™î",https://t.me/moneycontrolcom/100804,moneycontrolcom,2025-10-20T04:19:47+00:00,2025-10-24T14:34:11.988663,"['moneycontrolcom', 'telegram']",,,,2025-10-20
6634b9fd-986a-4dbe-96bd-0f7866581b7d,"üõ©Ô∏èIndian tourists shun Turkey and Azerbaijan after Operation Sindoor, travel plunges up to 70%: Report

More details here üëá
https://www.moneycontrol.com/news/india/indian-tourists-shun-turkey-and-azerbaijan-after-operation-sindoor-travel-plunges-up-to-70-report-13623793.html?utm_medium=social&utm_source=telegram&utm_campaign=regular-editorial",https://t.me/moneycontrolcom/100803,moneycontrolcom,2025-10-19T10:28:01+00:00,2025-10-24T14:34:11.988731,"['moneycontrolcom', 'telegram']",,,,2025-10-19
6110483b-7176-4989-be13-f1d47b800e64,"üö®Meta to ban third-party AI chatbots from WhatsApp, set to hurt OpenAI and others

Read for more details üëá
https://www.moneycontrol.com/technology/meta-to-bans-third-party-ai-chatbots-from-whatsapp-set-to-hurt-openai-and-others-article-13623708.html?utm_medium=social&utm_source=telegram&utm_campaign=regular-editorial",https://t.me/moneycontrolcom/100802,moneycontrolcom,2025-10-19T07:59:31+00:00,2025-10-24T14:34:11.988794,"['moneycontrolcom', 'telegram']",,,,2025-10-19
af1706aa-fecf-464a-a89e-284ec7428d65,"After 3-month withdrawal streak, FPIs pump Rs 6,480 cr into Indian equities in October

More details here üëá
https://www.moneycontrol.com/news/business/markets/after-3-month-withdrawal-streak-fpis-pump-rs-6-480-cr-into-indian-equities-in-october-13623660.html?utm_medium=social&utm_source=telegram&utm_campaign=regular-editorial",https://t.me/moneycontrolcom/100801,moneycontrolcom,2025-10-19T07:42:40+00:00,2025-10-24T14:34:11.988855,"['moneycontrolcom', 'telegram']",,,,2025-10-19
c9f52cc0-7cd8-4fcb-9468-ec6e1cef4218,"Dhanteras fervour grips India amid soaring gold prices; GST reforms offer relief

Details below üëá
https://www.moneycontrol.com/news/india/dhanteras-fervour-grips-india-amid-soaring-gold-prices-gst-reforms-offer-relief-13623510.html?utm_medium=social&utm_source=telegram&utm_campaign=regular-editorial",https://t.me/moneycontrolcom/100800,moneycontrolcom,2025-10-19T03:11:30+00:00,2025-10-24T14:34:11.988919,"['moneycontrolcom', 'telegram']",,,,2025-10-19
d5bfeea6-bf6d-4623-9517-d24a1d9369fc,"#Business | Meesho receives SEBI approval for $800 million IPO as new-age companies line up to go public

More details here üëá
https://www.moneycontrol.com/news/business/ipo/meesho-receives-sebi-approval-for-800-million-ipo-as-new-age-companies-line-up-to-go-public-13623443.html?utm_medium=social&utm_source=telegram&utm_campaign=regular-editorial",https://t.me/moneycontrolcom/100799,moneycontrolcom,2025-10-19T02:59:10+00:00,2025-10-24T14:34:11.988992,"['moneycontrolcom', 'telegram']",,,,2025-10-19
34365368-756e-47b3-88ba-9236a48b812b,"#EarningsWithMC | ICICI Bank Q2 net profit up 5% YoY to Rs 12,359 crore, beats estimates on steady NII growth

More details here üëá
https://www.moneycontrol.com/news/business/earnings/icici-bank-q2-net-profit-rises-5-2-yoy-to-rs-12-359-crore-nii-up-4-8-asset-quality-improves-13623118.html?utm_medium=social&utm_source=telegram&utm_campaign=regular-editorial",https://t.me/moneycontrolcom/100798,moneycontrolcom,2025-10-18T10:16:06+00:00,2025-10-24T14:34:11.989062,"['moneycontrolcom', 'telegram']",,,,2025-10-18
f995a99f-8706-4dd0-a47a-151523b653fc,"#EarningsWithMC | HDFC Bank Q2 net profit rises 11% YoY to Rs 18,641 crore; asset quality improves

More details here üëá
http://moneycontrol.com/news/business/earnings/hdfc-bank-q2-net-profit-rises-11-yoy-to-rs-18-641-crore-13623093.html?utm_medium=social&utm_source=telegram&utm_campaign=regular-editorial",https://t.me/moneycontrolcom/100797,moneycontrolcom,2025-10-18T09:26:46+00:00,2025-10-24T14:34:11.989122,"['moneycontrolcom', 'telegram']",,,,2025-10-18
835328cd-d252-4ad1-8652-10ecf6116600,"Dhanteras 2024 vs 2025: What 10gm gold bought in 2024 would cost today - From Rs 63, tracing gold's 6-decade rally

Read here üëá
https://www.moneycontrol.com/news/business/commodities/dhanteras-2024-vs-2025-what-10gm-gold-bought-in-2024-would-cost-today-from-rs-63-tracing-gold-s-6-decade-rally-13621895.html?utm_medium=social&utm_source=telegram&utm_campaign=regular-editorial",https://t.me/moneycontrolcom/100796,moneycontrolcom,2025-10-18T07:47:19+00:00,2025-10-24T14:34:11.989191,"['moneycontrolcom', 'telegram']",,,,2025-10-18
96fd86ef-6a07-48be-8388-3a4c64f8e22b,"üìâSilver falls more than 6% as precious metals retreat after rally

More details here ‚¨áÔ∏è
https://www.moneycontrol.com/news/business/silver-falls-more-than-6-as-precious-metals-retreat-after-rally-13622748.html?utm_medium=social&utm_source=telegram&utm_campaign=regular-editorial",https://t.me/moneycontrolcom/100795,moneycontrolcom,2025-10-18T04:19:00+00:00,2025-10-24T14:34:11.989247,"['moneycontrolcom', 'telegram']",,,,2025-10-18
2a3643db-2d6a-4574-b6af-ac2b9c7d5994,"üö®Donald Trump reiterates claim that India will stop buying Russian oil

Read üëá
https://www.moneycontrol.com/world/donald-trump-reiterates-claim-that-india-will-stop-buying-russian-oil-article-13622692.html?utm_medium=social&utm_source=telegram&utm_campaign=regular-editorial",https://t.me/moneycontrolcom/100794,moneycontrolcom,2025-10-18T02:37:58+00:00,2025-10-24T14:34:11.989304,"['moneycontrolcom', 'telegram']",,,,2025-10-18
a707a4e9-30b8-4e06-972a-14ed7bdd86e9,"Smallcap World Fund sells half a percent stake in Delhivery for Rs 176 crore, Oxbow Master Fund exits Canara HSBC Life

More detailsüëá
https://www.moneycontrol.com/news/business/markets/smallcap-world-fund-sells-half-a-percent-stake-in-delhivery-for-rs-176-crore-oxbow-master-fund-exits-canara-hsbc-life-13622626.html?utm_medium=social&utm_source=telegram&utm_campaign=regular-editorial",https://t.me/moneycontrolcom/100793,moneycontrolcom,2025-10-17T16:42:46+00:00,2025-10-24T14:34:11.989373,"['moneycontrolcom', 'telegram']",,,,2025-10-17
aec84cfc-6ed1-47f9-8a0d-47f227bae1f7,"üìäReliance Industries (RIL) has reported a net profit of Rs 22,092 crore for Q2 FY26. This marks a 14% YoY increase from the Rs 19,323 crore reported in Q2 FY25. Gross revenue meanwhile rose 10% YoY to Rs 2,83,548 crore during the reported quarter.",https://t.me/moneycontrolcom/100792,moneycontrolcom,2025-10-17T13:55:05+00:00,2025-10-24T14:34:11.989384,"['moneycontrolcom', 'telegram']",,,,2025-10-17
94c8e4b6-c0ef-44d1-8da5-a2cc37a286d5,"Lenskart pre-IPO: Dmart‚Äôs RK Damani and SBI MF pick up shares worth Rs 200 crore

More Details ‚¨áüîó
https://www.moneycontrol.com/news/business/startup/lenskart-pre-ipo-dmart-s-rk-damani-and-sbi-mf-pick-up-shares-worth-rs-200-crore-13622375.html?utm_medium=social&utm_source=telegram&utm_campaign=regular-editorial",https://t.me/moneycontrolcom/100791,moneycontrolcom,2025-10-17T13:29:34+00:00,2025-10-24T14:34:11.989448,"['moneycontrolcom', 'telegram']",,,,2025-10-17
30762146-6c24-4929-bcd7-698c6bf43355,"Nifty extends gain for the third day, up nearly 2% this week | Closing Bell

More details‚è¨
https://www.moneycontrol.com/news/videos/business/markets/live-nifty-extends-gain-for-the-third-day-up-nearly-2-this-week-closing-bell-4k-13621735.html?utm_medium=social&utm_source=telegram&utm_campaign=regular-editorial",https://t.me/moneycontrolcom/100790,moneycontrolcom,2025-10-17T10:08:29+00:00,2025-10-24T14:34:11.989507,"['moneycontrolcom', 'telegram']",,,,2025-10-17
e1f62d13-e9cd-4ffa-b369-dff59bec835e,"EPF corpus grows nearly fivefold in a decade, tops Rs 24.7 lakh crore

More details‚è¨
https://www.moneycontrol.com/news/business/personal-finance/epf-corpus-grows-nearly-fivefold-in-a-decade-tops-rs-24-7-lakh-crore-13621682.html?utm_medium=social&utm_source=telegram&utm_campaign=regular-editorial",https://t.me/moneycontrolcom/100789,moneycontrolcom,2025-10-17T09:31:42+00:00,2025-10-24T14:34:11.989563,"['moneycontrolcom', 'telegram']",,,,2025-10-17
b86d9dfb-8d5a-4ff1-9f2f-62bf147a765a,"Sebi to sensitise regulators on insider trading and price-sensitive info post-CERC issue

More details‚è¨
https://www.moneycontrol.com/news/business/markets/sebi-to-sensitise-regulators-on-insider-trading-and-price-sensitive-info-post-cerc-issue-13621454.html?utm_medium=social&utm_source=telegram&utm_campaign=regular-editorial",https://t.me/moneycontrolcom/100788,moneycontrolcom,2025-10-17T08:43:09+00:00,2025-10-24T14:34:11.989620,"['moneycontrolcom', 'telegram']",,,,2025-10-17
195f5d8d-6c80-4e3b-94cb-18bcaf19cfd2,"Gold at Rs 1.35 lakh and silver at Rs 2.3 lakh: Motilal Oswal sees sparkling rally ahead for bullion

Details here‚§µÔ∏è
https://www.moneycontrol.com/news/business/commodities/gold-at-rs-1-35-lakh-and-silver-at-rs-2-3-lakh-motilal-oswal-sees-sparkling-rally-ahead-for-bullion-13621387.html?utm_medium=social&utm_source=telegram&utm_campaign=regular-editorial",https://t.me/moneycontrolcom/100787,moneycontrolcom,2025-10-17T07:47:10+00:00,2025-10-24T14:34:11.989683,"['moneycontrolcom', 'telegram']",,,,2025-10-17
2b42aabe-7c6e-4acb-8663-baa5b53c2bd1,"MCPersonalFinance | Dhanteras haul: A Rs 1 lakh gold SIP over 20 years would have yielded Rs 1.08 crore fortune

More details ‚¨áüîó
https://moneycontrol.com/news/business/personal-finance/dhanteras-haul-a-rs-1-lakh-gold-sip-over-20-years-would-have-yielded-rs-1-08-crore-fortune-13621136.html?utm_medium=social&utm_source=telegram&utm_campaign=regular-editorial",https://t.me/moneycontrolcom/100786,moneycontrolcom,2025-10-17T07:39:11+00:00,2025-10-24T14:34:11.989762,"['moneycontrolcom', 'telegram']",,,,2025-10-17
160dae50-dc45-4ba7-8660-b187fc884e23,"#MarketsWithMC | Wipro shares crash 4.6% today after Q2 results, top loser on Nifty 50

Read for more üëá
https://www.moneycontrol.com/news/business/stocks/wipro-shares-crash-4-6-today-after-q2-results-top-loser-on-nifty-50-13621109.html?utm_medium=social&utm_source=telegram&utm_campaign=regular-editorial",https://t.me/moneycontrolcom/100785,moneycontrolcom,2025-10-17T05:22:29+00:00,2025-10-24T14:34:11.989824,"['moneycontrolcom', 'telegram']",,,,2025-10-17
34a948e4-7518-4dcf-8d1b-0e82eabee751,"üö®US Chamber of Commerce sues over Trump‚Äôs $100,000 H-1B visa fee

Read for more üëá
https://www.moneycontrol.com/world/us-chamber-of-commerce-sues-over-trump-s-100-000-h-1b-visa-fee-article-13620835.html?utm_medium=social&utm_source=telegram&utm_campaign=regular-editorial",https://t.me/moneycontrolcom/100784,moneycontrolcom,2025-10-17T03:44:49+00:00,2025-10-24T14:34:11.989881,"['moneycontrolcom', 'telegram']",,,,2025-10-17
b9467e5c-0987-410d-8b32-a2e76f4975dd,"LTIMindtree defers pay raise again, 50% employees to receive hikes in January, rest in April

Details here ‚§µÔ∏è
https://www.moneycontrol.com/news/business/information-technology/ltimindtree-defers-pay-raise-again-50-employees-to-receive-hikes-in-january-rest-in-april-13620792.html?utm_medium=social&utm_source=telegram&utm_campaign=regular-editorial",https://t.me/moneycontrolcom/100783,moneycontrolcom,2025-10-17T02:09:11+00:00,2025-10-24T14:34:11.989942,"['moneycontrolcom', 'telegram']",,,,2025-10-17
886d5c28-2808-4021-83f8-18eb73284ec3,"Indian benchmark indices Sensex and Nifty are likely to see a weak start today, with cues coming from GIFT Nifty, which was trading flat around 25,611.50.

Details here‚§µÔ∏è
https://www.moneycontrol.com/news/business/markets/first-tick-top-global-cues-to-watch-in-today-s-trade-23-13619974.html?utm_medium=social&utm_source=telegram&utm_campaign=regular-editorial",https://t.me/moneycontrolcom/100782,moneycontrolcom,2025-10-17T01:57:55+00:00,2025-10-24T14:34:11.990003,"['moneycontrolcom', 'telegram']",,,,2025-10-17
cfd47791-b094-4690-adb7-7f3b5c14f845,"Stocks to Watch Today: Canara HSBC Life, Infosys, Vikram Solar, Wipro, Jio Financial, Sunteck Realty, Biocon, JSW Energy, BEML, LTIMindtree in focus on 17 October

Details here‚§µÔ∏è
https://www.moneycontrol.com/news/business/markets/stocks-to-watch-today-canara-hsbc-life-infosys-vikram-solar-wipro-jio-financial-sunteck-realty-biocon-jsw-energy-beml-ltimindtree-in-focus-on-17-october-13620752.html?utm_medium=social&utm_source=telegram&utm_campaign=regular-editorial",https://t.me/moneycontrolcom/100781,moneycontrolcom,2025-10-17T00:37:54+00:00,2025-10-24T14:34:11.990236,"['moneycontrolcom', 'telegram']",,,,2025-10-17
89641f61-e1aa-4a1c-891f-48fc1d22e4aa,"Trump holds 'lengthy' call with Putin ahead of Zelenskyy‚Äôs meeting on Tomahawk missiles

More details‚è¨
https://www.moneycontrol.com/world/trump-holds-lengthy-call-with-putin-ahead-of-zelenskyy-s-meeting-on-tomahawk-missiles-article-13620654.html?utm_medium=social&utm_source=telegram&utm_campaign=regular-editorial",https://t.me/moneycontrolcom/100780,moneycontrolcom,2025-10-16T17:18:29+00:00,2025-10-24T14:34:11.990310,"['moneycontrolcom', 'telegram']",,,,2025-10-16
c4f934e9-5beb-4775-9a96-93bb83f82461,"MCPersonalFinance | It is a trap: Here's what the rent-a-bank-account scam is and how to guard against it

More details ‚¨áüîó
https://moneycontrol.com/news/business/personal-finance/it-is-a-trap-here-s-what-the-rent-a-bank-account-scam-is-and-how-to-guard-against-it-13619609.html?utm_medium=social&utm_source=telegram&utm_campaign=regular-editorial",https://t.me/moneycontrolcom/100779,moneycontrolcom,2025-10-16T14:59:20+00:00,2025-10-24T14:34:11.990384,"['moneycontrolcom', 'telegram']",,,,2025-10-16
45b243da-498a-49e6-8237-0b0e7296a320,"FIIs dump Rs 997 crore in equities, but DIIs step in with Rs 4,000-crore buying spree to lift markets

More details‚è¨
https://www.moneycontrol.com/news/business/markets/fiis-net-buy-indian-equities-worth-rs-997-crore-while-diis-pump-in-rs-4076-crore-13620533.html?utm_medium=social&utm_source=telegram&utm_campaign=regular-editorial",https://t.me/moneycontrolcom/100778,moneycontrolcom,2025-10-16T14:09:56+00:00,2025-10-24T14:34:11.990446,"['moneycontrolcom', 'telegram']",,,,2025-10-16
f790cb14-f5d8-4466-bfa6-8a4c55893ea7,"Wipro says H-1B visa fee hike has no impact as 80% of US workforce are locals

More details‚è¨
https://www.moneycontrol.com/news/business/earnings/wipro-says-h-1b-visa-fee-hike-has-no-impact-as-80-of-us-workforce-are-locals-13613649.html?utm_medium=social&utm_source=telegram&utm_campaign=regular-editorial",https://t.me/moneycontrolcom/100777,moneycontrolcom,2025-10-16T13:01:00+00:00,2025-10-24T14:34:11.990501,"['moneycontrolcom', 'telegram']",,,,2025-10-16
b5a66afd-c785-4c53-bdfc-254256bda99c,"StartupsWithMC | Zepto closes $450 million funding from Calpers and existing investors; taking total fundraise close to $2 billion in under two years

More Details ‚¨áüîó
https://www.moneycontrol.com/news/business/startup/zepto-closes-450-million-funding-from-calpers-and-existing-investors-taking-total-fundraise-close-to-2-billion-in-under-two-years-13620245.html?utm_medium=social&utm_source=telegram&utm_campaign=regular-editorial",https://t.me/moneycontrolcom/100776,moneycontrolcom,2025-10-16T12:27:53+00:00,2025-10-24T14:34:11.990579,"['moneycontrolcom', 'telegram']",,,,2025-10-16
08a8c2bb-8301-4dbc-aaed-eaa62f6e4061,"EarningsWithMC | Wipro's net profit rises 1% to Rs 3,246 crore, revenue up 2% üìäüö®

üî¥ Get LIVE updates here ‚¨áüîó
https://moneycontrol.com/news/business/earnings/q2-results-2025-live-updates-infosys-eternal-wipro-jio-financial-ltimindtree-nestle-indian-bank-waaree-energies-q2-earnings-dividend-share-price-oct-16-liveblog-13619290.html?utm_medium=social&utm_source=telegram&utm_campaign=regular-editorial",https://t.me/moneycontrolcom/100775,moneycontrolcom,2025-10-16T10:53:34+00:00,2025-10-24T14:34:11.990659,"['moneycontrolcom', 'telegram']",,,,2025-10-16
5a99b377-a7e4-485a-a321-4df615d32a28,"Closing Bell: Market gains extend; Nifty near 25,600, Sensex up 862 pts

More details‚è¨
https://www.moneycontrol.com/news/business/markets/stock-market-live-sensex-nifty-50-share-price-gift-nifty-latest-updates-16-10-2025-liveblog-13618831.html?utm_medium=social&utm_source=telegram&utm_campaign=regular-editorial",https://t.me/moneycontrolcom/100774,moneycontrolcom,2025-10-16T10:14:17+00:00,2025-10-24T14:34:11.990720,"['moneycontrolcom', 'telegram']",,,,2025-10-16
5716fdba-f01d-4f75-812e-bb8fa9d0c572,"Zee Entertainment Enterprises Q2 net profit falls 63% YoY to Rs 76.5 crore

More details‚è¨
https://www.moneycontrol.com/news/business/earnings/zee-entertainment-enterprises-q2-net-profit-falls-63-yoy-to-rs-76-5-crore-revenue-declines-to-rs-1-969-2-crore-13619968.html?utm_medium=social&utm_source=telegram&utm_campaign=regular-editorial",https://t.me/moneycontrolcom/100773,moneycontrolcom,2025-10-16T09:43:57+00:00,2025-10-24T14:34:11.990781,"['moneycontrolcom', 'telegram']",,,,2025-10-16
cc86b38c-f0a6-4352-b571-5fd774c536ce,"#NewsAlert | Russia said on Thursday it was confident its energy partnership with India would continue, after U.S. President Donald Trump said India had promised to stop buying oil from Moscow.

More details ‚¨áüîó
https://www.moneycontrol.com/news/business/russia-says-it-s-confident-energy-partnership-with-india-will-continue-13619869.html?utm_medium=social&utm_source=telegram&utm_campaign=regular-editorial",https://t.me/moneycontrolcom/100772,moneycontrolcom,2025-10-16T09:15:21+00:00,2025-10-24T14:34:11.990856,"['moneycontrolcom', 'telegram']",,,,2025-10-16
06340de4-62a6-480d-816c-54325649c52b,"Sensex surges 850 pts, Nifty up 1%: Rally in bank shares, other key reasons behind market rally

Details here‚§µÔ∏è
https://www.moneycontrol.com/news/business/markets/sensex-rises-350-pts-nifty-above-25-400-rally-in-bank-shares-among-key-factors-behind-market-rise-13619060.html?utm_medium=social&utm_source=telegram&utm_campaign=regular-editorial",https://t.me/moneycontrolcom/100771,moneycontrolcom,2025-10-16T09:07:51+00:00,2025-10-24T14:34:11.990917,"['moneycontrolcom', 'telegram']",,,,2025-10-16
b2432cdf-dd46-473a-a044-ce9fcbe6acfd,"üö®Nestle to slash 16,000 jobs as new CEO speeds up turnaround

Details below:
https://www.moneycontrol.com/news/business/companies/nestle-to-slash-16-000-jobs-as-new-ceo-speeds-up-turnaround-13619209.html?utm_medium=social&utm_source=telegram&utm_campaign=regular-editorial",https://t.me/moneycontrolcom/100770,moneycontrolcom,2025-10-16T07:17:39+00:00,2025-10-24T14:34:11.990977,"['moneycontrolcom', 'telegram']",,,,2025-10-16
444b519e-1020-4df9-a1a1-5bdefa8142d5,"Sensex gains 450 pts, Nifty above 25,450: Rally in bank shares among key factors behind market rise

Details here ‚§µÔ∏è
https://www.moneycontrol.com/news/business/markets/sensex-rises-350-pts-nifty-above-25-400-rally-in-bank-shares-among-key-factors-behind-market-rise-13619060.html?utm_medium=social&utm_source=telegram&utm_campaign=regular-editorial",https://t.me/moneycontrolcom/100769,moneycontrolcom,2025-10-16T05:15:19+00:00,2025-10-24T14:34:11.991037,"['moneycontrolcom', 'telegram']",,,,2025-10-16
e7132acf-0c9e-45cd-b9a1-1a3fc6296a4d,"#TechWithMC | YouTube down: Google-owned video streaming service faces major global outage

Here are the issues users are facing üëá
https://www.moneycontrol.com/technology/youtube-down-google-owned-video-streaming-service-faces-major-global-outage-here-are-the-issues-users-are-facing-article-13618436.html?utm_medium=social&utm_source=telegram&utm_campaign=regular-editorial",https://t.me/moneycontrolcom/100768,moneycontrolcom,2025-10-16T03:58:59+00:00,2025-10-24T14:34:11.991111,"['moneycontrolcom', 'telegram']",,,,2025-10-16
451cc6fd-3957-4b14-b9ac-bd5a6c882d4a,"Indian benchmark indices Sensex and Nifty are likely to see a strong start on October 16, with cues from GIFT Nifty, which was trading flat near 25,454.

Details here‚§µÔ∏è
https://www.moneycontrol.com/news/business/markets/first-tick-top-global-cues-to-watch-in-today-s-trade-22-13617568.html?utm_medium=social&utm_source=telegram&utm_campaign=regular-editorial",https://t.me/moneycontrolcom/100767,moneycontrolcom,2025-10-16T02:54:37+00:00,2025-10-24T14:34:11.991262,"['moneycontrolcom', 'telegram']",,,,2025-10-16
1f9f5e36-a1f9-4520-a84c-89c41b5e8586,"üö®Donald Trump claims PM Modi assured him 'India will not be buying oil from Russia'

~ US president said that India could not stop the purchases ‚Äúimmediately,‚Äù saying ‚Äúit‚Äôs a little bit of a process...""",https://t.me/moneycontrolcom/100766,moneycontrolcom,2025-10-16T02:51:07+00:00,2025-10-24T14:34:11.991279,"['moneycontrolcom', 'telegram']",,,,2025-10-16
fe57c3b8-67fb-4ed4-8adb-c84136c2844c,"Gold rate today in India on Oct 16: Yellow metal's breakneck rally continues, likely to cross Rs 1.3 lakh/10 gm mark soon - Check 24K, 22K, 18K gold prices in Mumbai, Hyderabad and Delhi - Full list

Details here‚§µÔ∏è
https://www.moneycontrol.com/news/business/commodities/gold-rate-today-in-india-on-oct-16-yellow-metal-s-breakneck-rally-continues-likely-to-cross-rs-1-30-000-mark-soon-check-24k-22k-18k-gold-prices-in-mumbai-hyderabad-and-delhi-full-list-13618822.html?utm_medium=social&utm_source=telegram&utm_campaign=regular-editorial",https://t.me/moneycontrolcom/100765,moneycontrolcom,2025-10-16T02:03:57+00:00,2025-10-24T14:34:11.991375,"['moneycontrolcom', 'telegram']",,,,2025-10-16
3a30ba6f-4e88-4784-a975-d288b2dc40d0,"Trade Spotlight: How should you trade Adani Ports, Cholamandalam Investment, Prestige Estates, Larsen & Toubro, Bajaj Finserv, and others on October 16?

Details here‚§µÔ∏è
https://www.moneycontrol.com/news/business/markets/trade-spotlight-how-should-you-trade-adani-ports-cholamandalam-investment-prestige-estates-larsen-toubro-bajaj-finserv-and-others-on-october-16-13618785.html?utm_medium=social&utm_source=telegram&utm_campaign=regular-editorial",https://t.me/moneycontrolcom/100764,moneycontrolcom,2025-10-16T00:48:22+00:00,2025-10-24T14:34:11.991451,"['moneycontrolcom', 'telegram']",,,,2025-10-16
27e41405-57b7-4d6e-9d77-4bd2f3eeecc7,"Sebi cracks whip on insider traders in IEX shares; Rs 173 crore case unearthed

More details‚è¨
https://www.moneycontrol.com/news/business/markets/sebi-cracks-whip-on-insider-traders-in-iex-shares-rs-173-crore-case-unearthed-13618651.html?utm_medium=social&utm_source=telegram&utm_campaign=regular-editorial",https://t.me/moneycontrolcom/100763,moneycontrolcom,2025-10-15T16:22:36+00:00,2025-10-24T14:34:11.991507,"['moneycontrolcom', 'telegram']",,,,2025-10-15
